Symbol,Code
4850,E05747
1429,E30126
1663,E30048
1844,E00239
1909,E25282
1961,E00107
1997,E00246
2008,E00352
2148,E05686
2181,E21261
2282,E00334
2321,E05297
2342,E05317
2349,E05322
2372,E05352
2374,E05354
2389,E05374
2393,E05381
2398,E05393
2491,E05149
2501,E00393
2593,E00414
2652,E03347
2764,E03406
2777,E02961
2784,E02962
2810,E00462
2929,E02484
3064,E03497
3140,E21259
3147,E22130
3193,E30699
3245,E04072
3261,E27046
3266,E22612
3377,E02988
3416,E31749
3440,E02493
3454,E05607
3458,E31441
3541,E32351
3565,E33109
3648,E25263
3652,E25620
3669,E27064
3674,E27394
3685,E30461
3719,E05348
3726,E05395
3741,E05400
3803,E05573
3845,E05682
3850,E05694
3878,E00650
3932,E32200
3947,E00668
3962,E32620
3994,E33390
3999,E33598
4098,E00796
4165,E34973
4177,E36343
4185,E01003
4186,E00854
4229,E00448
4286,E05199
4307,E05062
4320,E05233
4337,E03379
4362,E00852
4366,E01014
4381,E33825
4436,E34754
4462,E00804
4492,E35504
4493,E35354
4629,E00917
4669,E04984
4671,E04982
4674,E04988
4676,E04462
4678,E04991
4679,E04990
4681,E03969
4684,E05025
4685,E04995
4686,E04996
4687,E04997
4689,E05000
4690,E05001
4691,E35136
4694,E05056
4695,E05004
4699,E05006
4704,E04999
4705,E05011
4707,E05015
4708,E05014
4709,E05017
4714,E05024
4716,E05027
4718,E05028
4719,E05029
4720,E05030
4722,E05033
4725,E05036
4726,E05037
4728,E05042
4732,E05045
4733,E05048
4734,E05052
4735,E05053
4736,E05054
4739,E05059
4743,E02909
4744,E05064
4745,E05067
4746,E05066
4748,E05069
4750,E05070
4751,E05072
4752,E05075
4754,E05073
4755,E05080
4760,E05083
4761,E05090
4762,E05091
4763,E05096
4765,E05097
4766,E05098
4767,E05100
4768,E05099
4769,E05101
4770,E05106
4771,E05107
4772,E05088
4775,E05093
4777,E05114
4779,E05115
4781,E05121
4783,E05120
4784,E05123
4792,E05135
4793,E05134
4798,E05141
4799,E05142
4800,E05143
4801,E05145
4809,E05414
4813,E05168
4814,E05151
4816,E02458
4824,E05161
4825,E05162
4826,E05163
4828,E05167
4829,E05169
4832,E05173
4833,E05175
4837,E05265
4838,E04478
4839,E04427
4840,E05183
4842,E04479
4845,E05187
4847,E05191
4848,E05182
4849,E05192
4850,E05747
4875,E05958
4880,E35169
4881,E32989
4882,E35510
4883,E35518
4884,E36129
4885,E36350
4886,E35791
4887,E36190
4888,E35496
4889,E36825
4890,E36956
4891,E37069
4892,E38156
4902,E00989
4912,E00991
4914,E00993
4917,E01027
4918,E01035
4919,E01039
4920,E01040
4921,E01046
4923,E01059
4924,E01062
4925,E01063
4926,E23479
4927,E24951
4928,E24991
4929,E27016
4930,E31959
4931,E34965
4932,E35568
4933,E35928
4934,E36046
4935,E36133
4936,E36321
4937,E36697
4951,E01019
4952,E21969
4955,E00860
4956,E02686
4957,E01033
4958,E01034
4960,E00868
4962,E00889
4965,E01043
4966,E01045
4968,E01048
4970,E01051
4972,E01055
4973,E01060
4974,E02474
4975,E01065
4976,E01068
4977,E26061
4978,E27585
4979,E30697
4980,E31633
4985,E01015
4987,E01011
4989,E01012
4990,E01172
4992,E01001
4994,E01058
4996,E00828
4997,E00937
4998,E01007
4999,E01010
5002,E01070
5007,E01072
5008,E01073
5009,E01076
5010,E01005
5011,E01077
5012,E02543
5013,E01080
5015,E02800
5017,E01082
5018,E01083
5019,E01084
5020,E24050
5021,E31632
5025,E37397
5026,E37458
5028,E37506
5029,E37603
5031,E37333
5032,E37573
5033,E37435
5034,E37815
5035,E37790
5036,E37833
5038,E37902
5071,E34454
5074,E36412
5076,E36723
5078,E37456
5079,E37468
5101,E01085
5103,E01088
5104,E01089
5105,E01090
5110,E01110
5121,E01094
5122,E01100
5126,E37926
5127,E37939
5128,E37795
5129,E37959
5132,E38008
5133,E37914
5134,E38036
5136,E38072
5138,E38171
5139,E38180
5142,E01096
5161,E01112
5162,E01115
5184,E01114
5186,E01111
5187,E02416
5189,E01107
5191,E01097
5192,E01098
5194,E01095
5196,E01104
5199,E01109
5201,E01122
5202,E01121
5204,E01123
5208,E01152
5210,E01126
5212,E01186
5216,E01205
5217,E01217
5218,E01170
5232,E01127
5233,E01130
5234,E01128
5237,E01166
5240,E38157
5242,E38163
5243,E38043
5244,E38201
5246,E38169
5247,E38191
5248,E38256
5252,E38474
5253,E38478
5258,E38491
5259,E38288
5261,E01156
5262,E01157
5268,E01143
5269,E01142
5271,E01165
5273,E01169
5277,E01174
5279,E01200
5280,E01202
5282,E01206
5283,E01208
5284,E01211
5285,E01212
5287,E01216
5288,E01222
5289,E25160
5290,E34137
5301,E01162
5302,E01140
5304,E01173
5331,E01139
5332,E01138
5333,E01137
5337,E01141
5341,E01176
5344,E01210
5351,E01146
5352,E01150
5355,E01131
5357,E01147
5358,E01145
5363,E01149
5367,E01188
5368,E35497
5381,E01218
5384,E01207
5386,E01204
5387,E01197
5388,E01195
5389,E01194
5391,E01163
5393,E01151
5395,E01185
5398,E01168
5406,E01231
5408,E01229
5410,E01235
5412,E05807
5413,E26712
5423,E01261
5440,E01266
5444,E01259
5445,E01292
5446,E01260
5448,E01263
5449,E01262
5451,E01247
5453,E01249
5456,E01265
5458,E01275
5461,E01251
5463,E01253
5464,E01315
5471,E01239
5476,E01240
5480,E01242
5481,E01243
5484,E01245
5486,E01244
5491,E01276
5527,E38129
5541,E01254
5542,E01257
5563,E01256
5566,E01258
5571,E34326
5602,E01268
5603,E01269
5609,E01236
5610,E01238
5612,E01283
5614,E21200
5631,E01232
5632,E01233
5644,E02185
5657,E01286
5658,E01287
5659,E01280
5660,E01282
5690,E35543
5695,E01294
5697,E01296
5698,E27868
5699,E34130
5702,E01318
5703,E26707
5704,E32770
5706,E00024
5707,E01308
5711,E00021
5714,E00028
5715,E00032
5721,E01300
5724,E21649
5726,E01327
5727,E01301
5729,E00026
5741,E01330
5742,E01331
5753,E01305
5757,E01321
5758,E02115
5759,E36698
5781,E01401
5801,E01332
5802,E01333
5803,E01334
5805,E01336
5807,E01337
5809,E01338
5815,E01343
5817,E01348
5819,E01350
5820,E01351
5821,E01352
5838,E03621
5852,E01303
5856,E01329
5857,E21187
5900,E01325
5901,E01353
5902,E01354
5903,E02448
5905,E01408
5906,E02409
5907,E01436
5909,E01444
5911,E01355
5912,E01358
5915,E01362
5918,E01364
5921,E01381
5922,E01365
5923,E01373
5928,E01320
5929,E01385
5930,E01413
5932,E26831
5933,E01430
5935,E01433
5936,E01415
5938,E01317
5939,E01425
5940,E01422
5941,E01445
5942,E01370
5943,E02379
5945,E01426
5946,E01659
5947,E01417
5949,E02194
5950,E01421
5951,E01427
5952,E01368
5955,E01369
5956,E02442
5957,E02296
5958,E01409
5959,E01412
5962,E01391
5964,E01376
5966,E01420
5967,E01380
5969,E01403
5970,E02228
5971,E01442
5973,E01441
5974,E01366
5975,E01382
5976,E01400
5981,E01378
5982,E02438
5983,E01439
5984,E01437
5985,E01402
5986,E01411
5987,E01446
5988,E01438
5989,E02222
5990,E01435
5991,E01367
5992,E01405
5994,E01396
5997,E01431
5998,E01393
5999,E01395
6005,E01478
6013,E01469
6016,E01474
6018,E01471
6022,E01475
6023,E01477
6026,E31055
6027,E31009
6028,E31030
6029,E30998
6031,E31089
6032,E31103
6033,E31079
6035,E31054
6036,E31216
6037,E31248
6038,E31343
6039,E31381
6040,E31408
6042,E02171
6044,E31379
6045,E31446
6046,E31448
6047,E31454
6048,E31425
6049,E31424
6050,E24917
6051,E25271
6052,E25786
6053,E25677
6054,E26032
6058,E26428
6059,E26454
6060,E26443
6061,E26446
6062,E26444
6063,E26625
6064,E26631
6065,E26716
6067,E26836
6068,E26708
6069,E26933
6070,E26839
6071,E27066
6072,E27059
6073,E27303
6074,E27506
6075,E27567
6077,E27723
6078,E22470
6079,E27900
6080,E30022
6081,E30053
6082,E30065
6083,E27855
6084,E27311
6085,E30119
6086,E30120
6087,E27043
6088,E30130
6090,E30071
6091,E30042
6092,E30445
6094,E30648
6095,E30650
6096,E30682
6097,E30738
6098,E07801
6103,E01481
6104,E01482
6112,E01484
6118,E01545
6121,E01490
6125,E01493
6131,E01492
6134,E01495
6135,E01496
6136,E01377
6137,E00794
6138,E01488
6140,E01499
6141,E01502
6144,E01930
6145,E01981
6146,E01506
6147,E01507
6149,E01692
6150,E01508
6151,E01509
6155,E01510
6156,E02343
6157,E01729
6158,E01511
6159,E02478
6161,E01730
6163,E01513
6166,E31542
6167,E31594
6171,E31723
6172,E31732
6173,E31694
6175,E31745
6176,E31776
6177,E31817
6178,E31748
6180,E31854
6181,E31855
6182,E31901
6183,E31896
6184,E31871
6185,E31958
6186,E31997
6187,E32144
6189,E32156
6190,E32153
6191,E32194
6193,E32203
6194,E32400
6196,E32380
6197,E04878
6198,E32193
6199,E32397
6200,E32495
6201,E01514
6205,E01516
6208,E01518
6210,E01528
6217,E01524
6218,E01521
6222,E01531
6226,E37499
6227,E36750
6229,E36098
6230,E35587
6231,E35449
6233,E34273
6235,E33594
6236,E32026
6237,E32189
6238,E11661
6239,E31575
6240,E30917
6245,E01548
6246,E01628
6247,E01643
6248,E27530
6249,E25169
6254,E01735
6255,E01734
6256,E02119
6257,E02488
6258,E01733
6259,E02112
6260,E02111
6262,E01731
6264,E01465
6265,E01728
6266,E02350
6267,E02469
6271,E01641
6272,E01670
6273,E01673
6277,E01676
6278,E01505
6279,E01677
6281,E01658
6282,E01642
6284,E01682
6286,E01684
6287,E01685
6289,E01690
6291,E02421
6292,E01694
6293,E01695
6294,E01696
6297,E01699
6298,E02008
6299,E01700
6300,E01701
6303,E01703
6305,E01585
6306,E01372
6307,E01704
6309,E01705
6312,E01706
6315,E01708
6316,E01568
6317,E01584
6319,E01289
6322,E01711
6323,E02328
6324,E01712
6325,E01617
6326,E01267
6327,E01713
6328,E01714
6330,E01661
6331,E01536
6332,E01537
6333,E01761
6334,E01538
6335,E01539
6337,E02049
6338,E01715
6339,E01541
6340,E01666
6342,E01547
6343,E01620
6345,E01657
6346,E01629
6347,E01651
6349,E01667
6351,E01662
6355,E02255
6356,E02173
6357,E01632
6358,E01610
6360,E01534
6362,E01543
6363,E01636
6364,E01663
6365,E01544
6366,E01569
6367,E01570
6368,E01571
6369,E01572
6371,E01578
6373,E01580
6375,E01553
6378,E01546
6379,E01577
6380,E01581
6381,E01554
6382,E01627
6383,E01551
6384,E01719
6387,E02060
6390,E01583
6391,E01529
6392,E02180
6393,E01612
6396,E01635
6397,E01615
6400,E02462
6402,E01721
6403,E01646
6405,E01724
6406,E01622
6407,E01909
6408,E01647
6409,E01634
6411,E01671
6412,E02403
6413,E02410
6414,E01681
6416,E02000
6417,E02419
6418,E01698
6419,E02424
6420,E02006
6424,E02025
6428,E01718
6430,E02073
6432,E01723
6433,E01727
6436,E01590
6440,E01596
6448,E01594
6454,E02381
6455,E01653
6457,E01650
6458,E01669
6459,E01961
6460,E02475
6461,E01597
6462,E01598
6463,E01599
6464,E31954
6465,E01654
6466,E01716
6467,E01456
6469,E01454
6470,E02199
6471,E01600
6472,E01601
6476,E01450
6478,E01608
6479,E01607
6480,E01631
6482,E01710
6484,E01434
6485,E01693
6486,E01414
6487,E01689
6488,E01683
6489,E01672
6490,E01645
6492,E01609
6493,E02189
6494,E01648
6495,E01624
6496,E01649
6497,E01652
6501,E01737
6503,E01739
6504,E01740
6505,E01742
6507,E01743
6508,E01744
6513,E01751
6516,E01806
6517,E01758
6518,E02012
6521,E36433
6522,E36860
6523,E36976
6524,E37156
6526,E37978
6531,E32456
6532,E32549
6533,E32601
6534,E32458
6535,E32687
6537,E32753
6538,E32795
6539,E32801
6540,E32796
6541,E32811
6542,E32683
6543,E32951
6544,E33034
6545,E33005
6547,E32988
6548,E33110
6549,E33247
6550,E33238
6551,E33272
6552,E33254
6553,E33295
6554,E33357
6555,E20870
6556,E33412
6557,E33557
6558,E33515
6560,E33588
6561,E33602
6563,E33601
6564,E33577
6565,E33638
6566,E33633
6567,E33776
6568,E33794
6569,E33815
6570,E33822
6571,E33838
6572,E33881
6573,E33868
6574,E33864
6575,E33903
6577,E33948
6578,E33928
6579,E34082
6580,E34018
6581,E01745
6584,E01753
6586,E01920
6588,E01884
6590,E01757
6591,E01804
6592,E01944
6593,E01965
6594,E01975
6597,E35114
6599,E35555
6612,E36091
6613,E35542
6614,E36368
6615,E32169
6616,E30479
6617,E26713
6618,E26216
6619,E26082
6620,E25665
6622,E01750
6624,E01823
6625,E25686
6626,E25386
6628,E24562
6629,E23871
6630,E23829
6632,E21320
6633,E02120
6634,E05702
6635,E02116
6636,E02118
6637,E01764
6638,E02114
6639,E02117
6640,E01876
6641,E01746
6643,E01747
6644,E01752
6645,E01755
6647,E01912
6648,E01754
6651,E01759
6652,E01951
6653,E01760
6654,E02007
6656,E02356
6658,E02109
6661,E02101
6662,E02100
6663,E02097
6664,E02095
6666,E02093
6668,E02092
6670,E02090
6674,E02089
6675,E01874
6676,E02086
6677,E02346
6678,E02345
6694,E33025
6696,E33323
6697,E33426
6698,E33583
6699,E34065
6701,E01765
6702,E01766
6703,E01767
6704,E01768
6706,E01897
6707,E01790
6709,E01792
6715,E01827
6716,E01843
6718,E01849
6719,E01871
6722,E02082
6724,E01873
6727,E02059
6728,E01589
6730,E02077
6731,E02075
6734,E02072
6736,E02070
6737,E02069
6740,E30481
6741,E01769
6742,E01770
6743,E01816
6744,E01803
6745,E01802
6747,E01970
6750,E02066
6751,E01771
6752,E01772
6753,E01773
6754,E01774
6755,E01775
6756,E01776
6757,E02065
6758,E01777
6762,E01780
6763,E01782
6767,E01785
6768,E01786
6770,E01793
6771,E01819
6772,E01811
6773,E01794
6775,E01795
6776,E01813
6777,E01870
6778,E02342
6779,E01807
6784,E02061
6785,E02058
6787,E02056
6788,E02333
6791,E01787
6794,E01797
6796,E01814
6798,E01805
6800,E01808
6801,E01810
6803,E01932
6804,E01815
6807,E01828
6809,E01831
6810,E01947
6814,E01839
6815,E01830
6816,E01840
6817,E01971
6819,E01987
6820,E01850
6822,E01859
6823,E01842
6824,E02027
6826,E01865
6832,E02051
6833,E02050
6834,E01717
6835,E01867
6836,E03346
6837,E02048
6838,E01864
6839,E01863
6841,E01878
6844,E01887
6845,E01879
6848,E01798
6849,E01903
6850,E02286
6852,E01942
6853,E01921
6855,E02043
6856,E01901
6857,E01950
6858,E02306
6859,E02307
6860,E01964
6862,E01977
6863,E02411
6864,E01847
6866,E01999
6867,E02005
6869,E02015
6870,E02020
6871,E02030
6874,E02039
6875,E02042
6877,E02040
6878,E01861
6879,E01862
6881,E02035
6882,E01821
6883,E02034
6888,E02324
6889,E02026
6890,E02024
6891,E01860
6894,E02021
6895,E02019
6897,E02017
6898,E02016
6899,E02013
6901,E01885
6902,E01892
6904,E01857
6905,E01856
6907,E02431
6908,E02009
6911,E02003
6912,E02004
6914,E01998
6915,E01995
6916,E01994
6918,E01993
6919,E01992
6920,E01991
6923,E01880
6924,E01886
6925,E01929
6926,E01928
6927,E02076
6928,E01989
6929,E01988
6930,E01848
6932,E01986
6935,E01985
6937,E01917
6941,E01979
6942,E01978
6943,E01974
6944,E01972
6945,E01969
6946,E01968
6947,E01966
6950,E01963
6951,E01905
6952,E01935
6954,E01946
6955,E01896
6957,E01960
6958,E01959
6960,E02304
6961,E02390
6962,E01952
6963,E01953
6964,E01954
6965,E01955
6966,E02293
6967,E01957
6969,E01933
6971,E01182
6972,E01925
6973,E01619
6974,E01934
6976,E01824
6977,E01906
6982,E01916
6985,E02181
6986,E01841
6988,E01888
6989,E01817
6993,E01891
6994,E01899
6995,E01898
6996,E01904
6997,E01926
6998,E01907
6999,E01902
7003,E02123
7004,E02124
7007,E02125
7013,E02128
7014,E02129
7018,E02131
7021,E00035
7022,E25662
7030,E34053
7031,E34070
7033,E34142
7034,E34148
7035,E34238
7036,E34294
7037,E34276
7038,E34290
7039,E34331
7040,E34097
7041,E34352
7042,E34379
7043,E34498
7044,E34484
7045,E34479
7046,E34487
7048,E34508
7049,E34634
7050,E34657
7057,E34716
7058,E34722
7059,E34699
7060,E34720
7061,E34735
7063,E34748
7064,E34866
7065,E31743
7066,E34954
7067,E34975
7068,E34995
7069,E35089
7070,E35014
7071,E35140
7072,E35157
7073,E35187
7074,E35238
7077,E35288
7078,E35341
7079,E35335
7080,E35323
7081,E35139
7082,E35289
7083,E35250
7084,E35489
7085,E35488
7086,E35495
7087,E35470
7088,E35487
7089,E35483
7090,E33790
7091,E35508
7092,E35318
7093,E35514
7094,E35562
7095,E35534
7096,E35563
7097,E35611
7102,E02134
7105,E02136
7110,E37848
7111,E37831
7112,E37960
7114,E38167
7115,E38118
7116,E38202
7119,E38427
7120,E38443
7122,E02138
7126,E36658
7127,E36757
7128,E36707
7129,E36714
7130,E36756
7131,E37082
7133,E37198
7134,E37143
7135,E36969
7138,E37457
7140,E37589
7162,E26813
7163,E26990
7169,E27579
7190,E10936
7201,E02142
7202,E02143
7205,E02146
7208,E02248
7211,E02213
7212,E02229
7213,E02105
7214,E02247
7215,E02246
7217,E02242
7218,E02241
7220,E02237
7222,E02150
7224,E02252
7226,E02170
7228,E02877
7229,E02236
7230,E02235
7231,E01230
7235,E02158
7236,E02155
7238,E02161
7239,E02210
7240,E02176
7241,E02195
7242,E02147
7243,E02200
7245,E02175
7246,E02154
7247,E02172
7248,E02157
7250,E02178
7251,E02196
7254,E02183
7255,E01644
7256,E02174
7259,E01593
7260,E02190
7261,E02163
7262,E02164
7265,E02232
7266,E02231
7267,E02166
7268,E02230
7269,E02167
7271,E02227
7272,E02168
7273,E02226
7274,E02184
7276,E02140
7277,E02201
7278,E02203
7279,E02204
7280,E02205
7283,E02162
7284,E02387
7287,E02214
7291,E02216
7292,E02217
7294,E02219
7296,E02221
7297,E02223
7298,E02224
7299,E02225
7305,E02258
7309,E02257
7312,E02249
7313,E02380
7314,E22554
7315,E27671
7317,E35560
7318,E36657
7320,E33854
7321,E33701
7323,E33935
7330,E21671
7339,E35826
7342,E36141
7351,E35773
7352,E35767
7353,E35790
7354,E35931
7356,E35993
7357,E36078
7358,E35908
7359,E36173
7360,E36132
7361,E36420
7362,E36353
7363,E36431
7365,E36268
7366,E36134
7367,E35610
7368,E36464
7369,E36621
7370,E36638
7371,E24465
7372,E36629
7373,E36648
7374,E36367
7375,E36478
7376,E36655
7377,E36539
7378,E34994
7379,E36731
7383,E37194
7386,E37773
7399,E02447
7404,E02251
7408,E02254
7412,E03231
7413,E02791
7414,E01324
7415,E03232
7416,E03233
7417,E02792
7419,E03235
7420,E02793
7421,E03236
7425,E02797
7426,E02798
7427,E02801
7430,E03238
7432,E02799
7433,E02802
7434,E02803
7435,E02011
7438,E02804
7442,E02805
7443,E02806
7444,E02807
7445,E03240
7447,E02809
7448,E03244
7450,E03245
7451,E02558
7452,E03246
7455,E03249
7456,E02821
7458,E02824
7459,E02632
7460,E02825
7461,E02823
7462,E03252
7463,E02826
7464,E03251
7465,E03250
7466,E02827
7467,E02828
7472,E02833
7475,E02832
7476,E02835
7477,E02836
7480,E02838
7481,E02837
7482,E02839
7483,E02840
7486,E02841
7487,E02842
7490,E02845
7494,E03259
7500,E02847
7501,E02848
7502,E04960
7504,E02850
7506,E03266
7508,E03267
7509,E03269
7510,E02851
7512,E03268
7513,E03270
7514,E03271
7515,E03272
7516,E03273
7517,E02853
7518,E04966
7519,E02854
7520,E03274
7521,E02855
7522,E03275
7523,E03276
7524,E03278
7525,E02856
7527,E02858
7531,E02861
7532,E03280
7537,E02864
7538,E02818
7539,E02865
7544,E03286
7545,E03287
7550,E03291
7551,E02870
7552,E02869
7554,E03293
7555,E02871
7558,E02873
7559,E02874
7561,E03294
7562,E03295
7564,E03296
7565,E02875
7567,E02878
7570,E02879
7571,E03299
7575,E02881
7578,E03304
7581,E03305
7585,E03306
7587,E02887
7590,E02888
7591,E02890
7594,E02891
7595,E05018
7596,E03310
7597,E02893
7598,E03311
7599,E02892
7600,E02894
7602,E02895
7733,E02272
7819,E23465
7827,E00639
7844,E02467
7851,E02459
7863,E00734
7864,E00725
7878,E02439
7939,E01428
7943,E02415
7963,E02396
7968,E02392
7988,E02386
8028,E03125
8046,E02616
8051,E02560
8076,E02561
8115,E02639
8118,E02645
8132,E01075
8133,E02643
8148,E02669
8154,E02676
8184,E03074
8283,E02691
8332,E03559
8589,E03697
8728,E03749
8887,E03989
8892,E03992
9037,E04220
9055,E04211
9058,E04208
9073,E04197
9075,E04334
9147,E36706
9306,E04287
9363,E04247
9419,E26675
9423,E05528
9466,E32198
9698,E04849
9699,E04848
9748,E04809
9818,E02739
9824,E02742
9832,E03138
9854,E03148
9872,E02722
9878,E03160
9994,E03227
