Symbol,Crawl_Price,Price,Date_Start,Date_End
Total,2012,2012,,
14D,1,1,12/09/2018,23/08/2023
14DN,0,0,,
1AD,1,1,22/08/2016,23/08/2023
1AE,1,1,18/05/2022,23/08/2023
1AG,1,1,16/05/2008,10/08/2023
1CG,1,1,27/09/2022,23/08/2023
1MC,1,1,14/12/2021,23/08/2023
1ST,1,1,09/06/2015,23/08/2023
1TT,1,1,09/07/2015,23/08/2023
29M,1,1,02/07/2021,23/08/2023
360,1,1,10/05/2019,23/08/2023
3DA,1,1,06/12/2019,23/08/2023
3DP,1,1,27/03/2008,23/08/2023
3MF,0,0,,
3PL,1,1,09/07/2014,23/08/2023
4DS,1,1,09/12/2010,23/08/2023
4DX,1,1,07/08/2020,23/08/2023
5EA,1,1,01/03/2022,23/08/2023
5GG,1,1,29/01/2021,23/08/2023
88E,1,1,20/01/2000,23/08/2023
8CO,1,1,27/08/2014,23/08/2023
8IH,1,1,17/12/2014,23/08/2023
8VI,1,1,16/12/2015,23/08/2023
92E,1,1,15/04/2021,23/08/2023
A11,1,1,26/09/2022,23/08/2023
A1G,1,1,14/02/2019,23/08/2023
A1M,1,1,04/01/2000,23/08/2023
A1N,1,1,04/01/2000,23/08/2023
A2B,1,1,04/01/2000,23/08/2023
A2M,1,1,31/03/2015,23/08/2023
A3D,1,1,16/08/2016,22/08/2023
A4N,1,1,22/10/2007,23/08/2023
A8G,1,1,13/05/2021,23/08/2023
AAC,1,1,10/08/2001,23/08/2023
AAJ,1,1,23/07/2010,23/08/2023
AAP,1,1,07/01/2004,23/08/2023
AAR,1,1,04/01/2000,23/08/2023
AAU,1,1,24/01/2000,23/08/2023
ABA,1,1,04/01/2000,23/08/2023
ABB,1,1,16/10/2020,23/08/2023
ABC,1,1,04/01/2000,23/08/2023
ABE,1,1,06/12/2021,21/08/2023
ABG,1,1,14/11/2002,23/08/2023
ABV,1,1,05/04/2006,21/08/2023
ABX,1,1,24/12/2009,23/08/2023
ABY,1,1,23/10/2020,23/08/2023
AC8,1,1,14/01/2000,31/08/2022
ACB,1,1,19/05/2006,23/08/2023
ACE,1,1,21/02/2000,23/08/2023
ACF,1,1,27/06/2008,23/08/2023
ACL,1,1,14/05/2021,23/08/2023
ACM,1,1,03/07/2023,23/08/2023
ACP,1,1,06/07/2011,01/08/2023
ACQ,1,1,01/05/2014,23/08/2023
ACR,1,1,29/09/2004,23/08/2023
ACS,1,1,26/08/2005,04/08/2023
ACU,1,1,05/12/2003,23/08/2023
ACW,1,1,16/10/2007,23/08/2023
AD1,1,1,23/06/2016,17/08/2023
AD8,1,1,30/06/2017,23/08/2023
ADA,1,1,04/01/2000,23/08/2023
ADC,1,1,17/01/2023,23/08/2023
ADD,1,1,11/01/2000,23/08/2023
ADG,1,1,21/03/2007,23/08/2023
ADH,1,1,17/06/2015,23/08/2023
ADN,1,1,04/01/2000,23/08/2023
ADO,1,1,07/04/2000,23/08/2023
ADR,1,1,26/08/2015,23/08/2023
ADS,1,1,04/01/2000,23/08/2023
ADT,1,1,01/05/2018,23/08/2023
ADV,1,1,25/10/2005,23/08/2023
ADX,1,1,06/01/2000,23/08/2023
ADY,1,1,04/01/2000,21/08/2023
AE1,0,0,,
AEE,1,1,23/09/2021,23/08/2023
AEF,1,1,17/12/2002,23/08/2023
AEI,1,1,12/09/2000,22/08/2023
AER,1,1,01/04/2015,23/08/2023
AEV,1,1,10/10/2006,23/08/2023
AFA,1,1,29/01/2008,28/07/2023
AFG,1,1,22/05/2015,23/08/2023
AFI,1,1,04/01/2000,23/08/2023
AFL,1,1,29/09/2005,22/08/2023
AFP,1,1,07/06/2016,16/08/2023
AFW,1,1,30/11/2010,23/08/2023
AGC,1,1,07/01/2000,23/08/2023
AGD,1,1,04/01/2000,22/08/2023
AGE,1,1,03/02/2011,23/08/2023
AGH,1,1,21/09/2018,23/08/2023
AGI,1,1,17/12/2001,22/08/2023
AGL,1,1,04/01/2000,23/08/2023
AGN,1,1,11/06/2021,23/08/2023
AGR,1,1,13/02/2008,23/08/2023
AGY,1,1,04/01/2000,23/08/2023
AHC,1,1,24/09/2004,23/08/2023
AHF,1,1,30/06/2006,23/08/2023
AHI,1,1,17/08/2015,23/08/2023
AHK,1,1,24/12/2021,23/08/2023
AHL,1,1,04/01/2000,23/08/2023
AHN,1,1,03/11/2021,23/08/2023
AHQ,0,0,,
AHX,1,1,15/12/2015,23/08/2023
AIA,1,1,04/01/2000,23/08/2023
AIB,1,1,09/01/2008,30/09/2022
AII,1,1,02/08/2021,15/08/2023
AIM,1,1,29/09/2005,23/08/2023
AIQ,1,1,02/08/2006,23/08/2023
AIS,1,1,02/02/2011,23/08/2023
AIV,1,1,11/04/2006,28/07/2023
AIZ,1,1,04/01/2000,23/08/2023
AJJ,1,1,19/03/2007,01/07/2009
AJL,1,1,04/01/2000,23/08/2023
AJQ,1,1,26/04/2012,23/08/2023
AJX,1,1,04/01/2000,23/08/2023
AJY,1,1,21/08/2020,23/08/2023
AKE,1,1,04/12/2007,23/08/2023
AKG,1,1,06/01/2000,23/08/2023
AKM,1,1,06/02/2007,23/08/2023
AKN,1,1,15/06/2021,23/08/2023
AKO,1,1,15/12/2020,23/08/2023
AKP,1,1,24/12/2004,23/08/2023
AL3,1,1,20/04/2020,23/08/2023
AL8,1,1,09/06/2017,23/08/2023
ALA,1,1,24/01/2002,23/08/2023
ALB,1,1,30/04/2021,22/08/2023
ALC,1,1,24/06/2011,23/08/2023
ALD,1,1,04/01/2000,23/08/2023
ALG,1,1,30/11/2018,23/08/2023
ALI,1,1,03/07/2015,23/08/2023
ALK,1,1,04/01/2000,23/08/2023
ALL,1,1,04/01/2000,23/08/2023
ALM,1,1,18/04/2007,23/08/2023
ALO,1,1,29/11/2021,23/08/2023
ALQ,1,1,04/01/2000,23/08/2023
ALT,0,0,,
ALU,1,1,04/01/2000,23/08/2023
ALV,1,1,20/10/2021,23/08/2023
ALX,1,1,25/01/2010,23/08/2023
ALY,1,1,26/11/2007,23/08/2023
AM7,1,1,25/06/2021,22/08/2023
AMA,1,1,31/08/2006,23/08/2023
AMC,1,1,04/01/2000,23/08/2023
AMD,1,1,28/10/2005,23/08/2023
AME,1,1,20/12/2012,23/08/2023
AMH,1,1,10/02/2000,23/08/2023
AMI,1,1,08/05/2007,23/08/2023
AML,1,1,14/06/2007,23/08/2023
AMM,1,1,29/12/2021,23/08/2023
AMN,1,1,09/10/2007,23/08/2023
AMO,1,1,10/12/2004,23/08/2023
AMP,1,1,04/01/2000,23/08/2023
AMS,1,1,28/12/2018,27/02/2023
AMT,1,1,05/12/2007,22/08/2023
AMX,1,1,10/12/2019,23/08/2023
AN1,1,1,09/12/2005,23/08/2023
AND,1,1,14/02/2020,23/08/2023
ANG,1,1,09/03/2004,23/08/2023
ANL,1,1,14/12/2006,17/08/2023
ANN,1,1,04/01/2000,23/08/2023
ANO,1,1,24/02/2005,23/08/2023
ANP,1,1,20/12/2001,23/08/2023
ANR,1,1,16/10/2014,23/08/2023
ANX,1,1,15/06/2004,23/08/2023
ANZ,1,1,04/01/2000,23/08/2023
AO1,1,1,30/05/2011,23/08/2023
AOA,1,1,31/03/2009,23/08/2023
AOF,1,1,20/06/2016,23/08/2023
AON,1,1,31/10/2007,21/08/2023
APA,1,1,13/06/2000,22/08/2023
APC,1,1,20/12/2011,23/08/2023
APE,1,1,05/01/2000,23/08/2023
APL,1,1,30/09/2004,15/08/2023
APM,1,1,04/01/2000,23/08/2023
APS,1,1,02/05/2022,23/08/2023
APW,1,1,16/12/2005,18/08/2023
APX,1,1,07/01/2015,23/08/2023
APZ,1,1,04/01/2000,23/08/2023
AQC,1,1,04/01/2000,23/08/2023
AQD,1,1,25/11/2003,23/08/2023
AQI,1,1,19/09/2012,23/08/2023
AQN,1,1,27/07/2021,22/08/2023
AQS,1,1,08/12/2011,23/08/2023
AQX,1,1,09/09/2004,23/08/2023
AQZ,1,1,20/12/2011,23/08/2023
AR1,1,1,04/01/2000,23/08/2023
AR3,1,1,01/07/2021,23/08/2023
AR9,1,1,21/09/2018,23/08/2023
ARA,1,1,04/01/2000,22/08/2023
ARB,1,1,10/01/2000,23/08/2023
ARC,1,1,14/04/2000,18/08/2023
ARD,1,1,03/04/2008,23/08/2023
ARE,1,1,04/01/2000,22/08/2023
ARF,1,1,13/06/2013,23/08/2023
ARG,1,1,04/01/2000,23/08/2023
ARL,1,1,09/02/2017,23/08/2023
ARN,1,1,14/08/2008,21/08/2023
ARR,1,1,17/02/2011,23/08/2023
ART,1,1,23/03/2021,23/08/2023
ARU,1,1,05/11/2003,23/08/2023
ARV,1,1,16/03/2007,23/08/2023
ARX,1,1,24/07/2020,23/08/2023
AS2,1,1,07/07/2021,23/08/2023
ASB,1,1,04/01/2000,23/08/2023
ASE,1,1,05/01/2000,23/08/2023
ASG,1,1,16/11/2016,23/08/2023
ASH,1,1,21/08/2014,23/08/2023
ASK,1,1,01/08/2023,23/08/2023
ASM,1,1,30/07/2020,23/08/2023
ASN,1,1,08/07/2010,23/08/2023
ASO,1,1,04/03/2011,23/08/2023
ASP,1,1,27/04/2000,21/08/2023
ASQ,1,1,22/10/2007,23/08/2023
ASR,1,1,04/01/2000,23/08/2023
ASW,1,1,10/06/2008,23/08/2023
ASX,1,1,04/01/2000,23/08/2023
AT1,1,1,16/04/2020,23/08/2023
ATA,1,1,03/10/2006,23/08/2023
ATC,1,1,27/01/2010,23/08/2023
ATH,1,1,28/03/2000,23/08/2023
ATM,1,1,30/09/2021,21/08/2023
ATP,1,1,04/01/2000,23/08/2023
ATR,1,1,06/01/2000,23/08/2023
ATS,1,1,25/07/2016,23/08/2023
ATU,1,1,24/07/2012,09/03/2023
ATV,1,1,20/10/2021,23/08/2023
ATX,1,1,23/12/2013,22/08/2023
AU1,1,1,19/12/2007,23/08/2023
AUA,1,1,18/05/2021,21/08/2023
AUB,1,1,16/11/2005,23/08/2023
AUC,1,1,16/12/2009,23/08/2023
AUE,1,1,02/11/2021,18/08/2023
AUG,1,1,07/12/2011,23/08/2023
AUH,1,1,17/03/2003,23/08/2023
AUI,1,1,04/01/2000,23/08/2023
AUK,1,1,07/12/2011,23/08/2023
AUN,1,1,09/12/2020,23/08/2023
AUQ,1,1,24/05/2007,23/08/2023
AUR,1,1,15/03/2001,21/08/2023
AUT,1,1,21/09/2005,11/08/2023
AUZ,1,1,28/09/2001,23/08/2023
AV1,1,1,18/12/2012,18/08/2023
AVA,1,1,11/05/2015,23/08/2023
AVC,1,1,10/08/2011,18/08/2023
AVD,1,1,29/12/2021,21/08/2023
AVE,1,1,04/01/2000,22/08/2023
AVG,1,1,04/01/2000,23/08/2023
AVH,1,1,04/01/2000,23/08/2023
AVJ,1,1,04/01/2000,23/08/2023
AVL,1,1,21/02/2007,23/08/2023
AVM,1,1,20/12/2007,23/08/2023
AVR,1,1,24/03/2004,23/08/2023
AVW,1,1,09/01/2013,07/08/2023
AVZ,0,0,,
AW1,1,1,13/12/2021,23/08/2023
AWC,1,1,04/01/2000,23/08/2023
AWJ,1,1,12/02/2021,23/08/2023
AX1,1,1,07/07/2004,23/08/2023
AX8,1,1,14/02/2018,22/08/2023
AXE,1,1,14/08/2007,23/08/2023
AXI,1,1,05/01/2000,21/08/2023
AXN,1,1,04/01/2000,23/08/2023
AXP,1,1,20/07/2006,22/08/2023
AYA,1,1,26/11/2021,23/08/2023
AYI,1,1,02/10/2007,25/07/2023
AYM,1,1,19/09/2011,21/08/2023
AYT,1,1,06/07/2011,22/08/2023
AZI,1,1,24/12/2009,21/08/2023
AZJ,1,1,22/11/2010,23/08/2023
AZL,1,1,04/01/2000,23/08/2023
AZS,1,1,16/12/2003,23/08/2023
AZY,1,1,20/04/2011,23/08/2023
B4P,1,1,17/01/2022,23/08/2023
BAP,1,1,24/04/2014,23/08/2023
BAS,1,1,30/09/2004,23/08/2023
BAT,1,1,29/10/2012,23/08/2023
BBC,1,1,22/05/2012,23/08/2023
BBL,1,1,04/01/2000,23/08/2023
BBN,1,1,14/10/2015,23/08/2023
BBT,1,1,02/07/2021,23/08/2023
BBX,1,1,12/08/2005,23/08/2023
BC8,1,1,30/01/2018,23/08/2023
BCA,1,1,29/09/2005,23/08/2023
BCB,1,1,04/01/2000,23/08/2023
BCC,1,1,04/01/2000,22/08/2023
BCI,1,1,15/12/2006,23/08/2023
BCK,1,1,11/01/2011,23/08/2023
BCN,1,1,20/10/2006,23/08/2023
BCT,1,1,09/06/2011,23/08/2023
BDG,1,1,29/08/2018,16/08/2023
BDM,1,1,04/01/2013,23/08/2023
BDT,1,1,29/12/2021,22/08/2023
BDX,1,1,21/07/2021,23/08/2023
BEE,0,0,,
BEL,1,1,04/01/2000,23/08/2023
BEN,1,1,04/01/2000,23/08/2023
BET,1,1,11/12/2015,23/08/2023
BEX,1,1,09/02/2021,22/08/2023
BEZ,1,1,05/02/2010,23/08/2023
BFC,1,1,28/08/2015,23/08/2023
BFG,1,1,12/12/2007,23/08/2023
BFL,1,1,16/07/2021,23/08/2023
BGA,1,1,19/08/2011,23/08/2023
BGD,1,1,28/06/2021,23/08/2023
BGE,1,1,06/10/2022,21/08/2023
BGL,1,1,20/12/2005,23/08/2023
BGP,1,1,25/07/2017,23/08/2023
BGT,1,1,29/11/2017,18/08/2023
BHD,1,1,25/06/2020,21/08/2023
BHP,1,1,04/01/2000,23/08/2023
BIM,1,1,28/06/2022,23/08/2023
BIO,1,1,30/11/2021,23/08/2023
BIR,1,1,31/07/2006,23/08/2023
BIS,1,1,23/06/2003,23/08/2023
BIT,1,1,24/01/2001,23/08/2023
BKG,1,1,03/12/2020,23/08/2023
BKI,1,1,12/12/2003,23/08/2023
BKT,1,1,10/12/2003,23/08/2023
BKW,1,1,04/01/2000,23/08/2023
BKY,1,1,16/09/2003,23/08/2023
BLD,1,1,21/02/2000,23/08/2023
BLG,1,1,22/09/2006,23/08/2023
BLU,1,1,06/01/2000,23/08/2023
BLX,1,1,15/04/2014,23/08/2023
BLY,1,1,05/04/2007,14/08/2023
BLZ,1,1,01/03/2000,23/08/2023
BM8,1,1,04/11/2020,21/08/2023
BME,1,1,29/12/2021,09/08/2023
BMG,1,1,12/05/2004,23/08/2023
BMH,1,1,19/06/2015,01/08/2023
BML,1,1,15/07/2004,23/08/2023
BMM,1,1,14/07/2021,21/08/2023
BMN,1,1,28/04/2005,23/08/2023
BMO,1,1,29/09/2005,23/08/2023
BMR,1,1,03/09/2021,23/08/2023
BMT,1,1,06/06/2019,23/08/2023
BNL,1,1,04/01/2000,23/08/2023
BNO,0,0,,
BNR,1,1,20/12/2010,23/08/2023
BNZ,1,1,23/12/2020,23/08/2023
BOA,1,1,11/10/2012,21/08/2023
BOC,1,1,04/01/2000,22/08/2023
BOD,1,1,27/10/2016,23/08/2023
BOE,1,1,25/07/2007,23/08/2023
BOL,1,1,14/10/2003,23/08/2023
BOQ,1,1,04/01/2000,23/08/2023
BOT,1,1,04/01/2000,23/08/2023
BP8,1,1,30/03/2023,22/08/2023
BPH,1,1,02/10/2007,23/08/2023
BPM,1,1,30/12/2020,23/08/2023
BPP,1,1,10/01/2018,23/08/2023
BPT,1,1,04/01/2000,23/08/2023
BRG,1,1,04/01/2000,23/08/2023
BRI,1,1,01/05/2017,23/08/2023
BRK,1,1,31/10/2005,23/08/2023
BRL,1,1,19/12/2007,23/08/2023
BRN,1,1,09/11/2011,23/08/2023
BRU,1,1,01/09/2008,23/08/2023
BRX,1,1,28/01/2022,23/08/2023
BSA,1,1,04/01/2000,23/08/2023
BSE,1,1,02/10/2008,23/08/2023
BSL,1,1,15/07/2002,23/08/2023
BSN,1,1,04/10/2022,23/08/2023
BSX,1,1,23/01/2017,23/08/2023
BTC,1,1,29/08/2000,16/08/2023
BTE,1,1,15/07/2022,23/08/2023
BTH,1,1,24/03/2017,23/08/2023
BTI,1,1,21/11/2014,23/08/2023
BTN,1,1,06/07/2021,23/08/2023
BTR,1,1,05/12/2003,23/08/2023
BUB,1,1,04/01/2000,23/08/2023
BUD,0,0,,
BUR,1,1,07/07/2021,23/08/2023
BUS,1,1,13/10/2022,22/08/2023
BUX,1,1,23/10/2007,23/08/2023
BUY,1,1,05/02/2002,23/08/2023
BVR,1,1,25/05/2022,22/08/2023
BVS,1,1,16/11/2016,23/08/2023
BWF,1,1,21/10/2011,21/08/2023
BWP,1,1,04/01/2000,23/08/2023
BWX,1,1,11/11/2015,23/03/2023
BXB,1,1,02/01/2001,23/08/2023
BXN,1,1,14/12/2000,22/08/2023
BYE,1,1,03/06/2005,23/08/2023
BYH,1,1,17/10/2017,23/08/2023
C1X,1,1,01/12/2021,23/08/2023
C29,1,1,03/11/2021,23/08/2023
C79,1,1,06/05/2022,23/08/2023
C7A,1,1,21/10/2010,22/08/2023
CAA,1,1,04/01/2000,23/08/2023
CAE,1,1,20/05/2005,23/08/2023
CAF,1,1,25/06/2002,23/08/2023
CAG,1,1,30/11/2017,09/08/2023
CAI,1,1,04/01/2000,23/08/2023
CAJ,1,1,09/06/2006,23/08/2023
CAM,1,1,03/02/2004,23/08/2023
CAN,1,1,04/05/2017,23/08/2023
CAQ,1,1,25/07/2005,06/07/2023
CAR,1,1,10/09/2009,23/08/2023
CAT,1,1,19/12/2014,23/08/2023
CAV,1,1,15/03/2007,23/08/2023
CAY,1,1,15/06/2010,23/08/2023
CAZ,1,1,31/10/2003,23/08/2023
CBA,1,1,04/01/2000,23/08/2023
CBE,1,1,31/01/2020,23/08/2023
CBH,1,1,28/07/2022,23/08/2023
CBL,1,1,07/12/2020,21/08/2023
CBO,1,1,11/08/2021,23/08/2023
CBR,1,1,29/11/2019,23/08/2023
CBY,1,1,07/03/2019,14/08/2023
CCA,1,1,30/06/2016,22/08/2023
CCE,1,1,04/01/2000,23/08/2023
CCG,1,1,21/12/2017,23/08/2023
CCO,1,1,20/12/2018,23/08/2023
CCP,1,1,04/09/2000,23/08/2023
CCR,1,1,27/10/2020,23/08/2023
CCV,1,1,04/01/2000,23/08/2023
CCX,1,1,04/01/2000,23/08/2023
CCZ,1,1,14/12/2010,23/08/2023
CD1,1,1,22/08/2012,23/08/2023
CD2,1,1,09/04/2013,23/08/2023
CD3,1,1,27/07/2016,23/08/2023
CDA,1,1,27/11/2003,23/08/2023
CDD,1,1,20/05/2004,23/08/2023
CDM,1,1,05/12/2006,23/08/2023
CDO,1,1,19/11/2021,22/08/2023
CDP,1,1,04/01/2000,23/08/2023
CDR,1,1,23/06/2021,23/08/2023
CDT,1,1,02/05/2006,23/08/2023
CDX,1,1,09/11/2005,23/08/2023
CE1,1,1,28/07/2006,23/08/2023
CEL,1,1,07/11/2007,23/08/2023
CEN,1,1,24/09/2015,23/08/2023
CF1,1,1,30/01/2007,23/08/2023
CFO,1,1,26/10/2016,05/01/2023
CG1,1,1,23/01/2018,23/08/2023
CGB,1,1,14/01/2008,23/09/2022
CGC,1,1,24/07/2015,23/08/2023
CGF,1,1,04/01/2000,23/08/2023
CGO,1,1,08/09/2000,23/08/2023
CGS,1,1,13/02/2004,23/08/2023
CHC,1,1,10/06/2005,23/08/2023
CHK,1,1,01/02/2012,23/08/2023
CHL,1,1,28/06/2021,23/08/2023
CHM,1,1,12/08/2003,23/08/2023
CHN,1,1,24/03/2006,23/08/2023
CHR,1,1,09/07/2021,23/08/2023
CHW,1,1,05/07/2023,23/08/2023
CHZ,1,1,29/05/2007,23/08/2023
CI1,1,1,22/05/2018,23/08/2023
CIA,1,1,08/06/2007,23/08/2023
CII,1,1,24/01/2000,04/08/2023
CIN,1,1,05/01/2000,23/08/2023
CIO,1,1,04/01/2000,18/12/2015
CIP,1,1,13/12/2012,23/08/2023
CIW,1,1,15/12/2000,23/08/2023
CKA,1,1,17/04/2000,23/08/2023
CKF,1,1,04/08/2011,23/08/2023
CL8,1,1,04/01/2000,23/08/2023
CLA,1,1,04/01/2000,23/08/2023
CLB,1,1,09/09/2004,06/10/2022
CLE,1,1,28/12/2005,23/08/2023
CLG,1,1,02/12/2021,23/08/2023
CLT,1,1,04/01/2000,11/08/2023
CLU,1,1,09/12/2020,21/08/2023
CLV,1,1,04/01/2000,22/08/2023
CLW,1,1,08/11/2016,23/08/2023
CLX,1,1,04/01/2000,23/08/2023
CLZ,1,1,24/05/2013,23/08/2023
CMD,1,1,10/08/2006,23/08/2023
CMG,1,1,29/09/2005,22/08/2023
CMM,1,1,07/07/2008,23/08/2023
CMO,1,1,29/09/2005,22/08/2023
CMP,1,1,21/12/2000,22/08/2023
CMW,1,1,05/01/2000,23/08/2023
CMX,1,1,06/01/2000,23/08/2023
CNB,1,1,30/08/2016,23/08/2023
CNI,1,1,26/03/2002,23/08/2023
CNJ,1,1,18/06/2007,23/08/2023
CNQ,1,1,06/06/2006,23/08/2023
CNU,1,1,21/11/2011,23/08/2023
CNW,1,1,10/02/2004,23/08/2023
COB,1,1,02/02/2017,23/08/2023
COD,1,1,07/06/2007,23/08/2023
COE,1,1,13/03/2002,23/08/2023
COF,1,1,10/12/2014,23/08/2023
COG,1,1,28/01/2003,23/08/2023
COH,1,1,04/01/2000,23/08/2023
COI,1,1,19/04/2004,23/08/2023
COL,1,1,21/11/2018,23/08/2023
COO,1,1,04/01/2000,23/08/2023
COS,1,1,24/01/2020,23/08/2023
COY,1,1,31/01/2008,22/08/2023
CPM,1,1,19/11/2021,23/08/2023
CPN,1,1,25/11/2020,23/08/2023
CPO,1,1,10/09/2021,21/08/2023
CPT,1,1,03/01/2007,23/08/2023
CPU,1,1,04/01/2000,23/08/2023
CPV,1,1,25/05/2018,23/08/2023
CQE,1,1,22/05/2003,23/08/2023
CQR,1,1,04/01/2000,23/08/2023
CR1,1,1,30/07/2018,14/08/2023
CR9,1,1,28/04/2021,23/08/2023
CRB,1,1,22/07/2021,22/08/2023
CRD,1,1,04/01/2000,21/08/2023
CRL,0,0,,
CRM,0,0,,
CRN,1,1,23/10/2018,23/08/2023
CRR,1,1,03/12/2010,23/08/2023
CRS,1,1,05/12/2018,23/08/2023
CSE,1,1,24/11/2004,12/12/2022
CSF,1,1,29/09/2005,23/08/2023
CSL,1,1,04/01/2000,23/08/2023
CSR,1,1,04/01/2000,23/08/2023
CSS,1,1,12/12/2005,23/08/2023
CST,1,1,14/02/2020,23/08/2023
CSX,1,1,23/10/2020,23/08/2023
CT1,1,1,10/09/2010,21/08/2023
CTD,1,1,15/12/2010,23/08/2023
CTE,1,1,09/05/2002,22/08/2023
CTM,1,1,04/01/2000,23/08/2023
CTN,1,1,18/02/2010,23/08/2023
CTO,1,1,04/01/2000,23/08/2023
CTP,1,1,07/03/2006,23/08/2023
CTQ,1,1,10/01/2022,23/08/2023
CTT,1,1,29/06/2012,23/08/2023
CTV,0,0,,
CU6,1,1,25/08/2021,23/08/2023
CUE,1,1,04/01/2000,22/08/2023
CUF,1,1,13/10/2005,23/08/2023
CUL,1,1,04/01/2000,18/08/2023
CUP,1,1,22/12/2010,22/08/2023
CUS,1,1,15/09/2021,23/08/2023
CUV,1,1,29/09/2005,23/08/2023
CVC,1,1,04/01/2000,22/08/2023
CVL,1,1,06/08/2018,21/08/2023
CVN,1,1,04/01/2000,23/08/2023
CVR,1,1,17/06/2022,23/08/2023
CVV,1,1,03/11/2006,23/08/2023
CVW,1,1,11/12/2003,23/08/2023
CWP,1,1,12/01/2000,23/08/2023
CWX,1,1,14/12/2017,18/08/2023
CWY,1,1,03/05/2005,23/08/2023
CXL,1,1,08/07/2004,23/08/2023
CXM,1,1,19/07/2006,23/08/2023
CXO,1,1,11/02/2011,23/08/2023
CXU,1,1,28/01/2005,23/08/2023
CXX,0,0,,
CXZ,1,1,31/05/2010,23/08/2023
CY5,1,1,15/01/2018,23/08/2023
CYC,1,1,18/01/2007,23/08/2023
CYG,1,1,04/01/2000,23/08/2023
CYL,1,1,26/07/2006,23/08/2023
CYM,1,1,10/01/2000,20/02/2023
CYP,1,1,20/12/2007,23/08/2023
CYQ,1,1,21/11/2007,23/08/2023
CZN,1,1,30/06/2005,22/08/2023
CZR,1,1,29/08/2006,23/08/2023
D2O,1,1,16/09/2016,23/08/2023
DAF,1,1,22/09/2011,23/08/2023
DAL,1,1,28/09/2021,23/08/2023
DBF,1,1,08/02/2018,23/08/2023
DBI,1,1,08/12/2020,23/08/2023
DBO,1,1,12/10/2021,23/08/2023
DC2,1,1,10/11/2020,23/08/2023
DCC,1,1,28/06/2002,23/08/2023
DCG,1,1,22/04/2005,23/08/2023
DCL,1,1,23/12/2022,23/08/2023
DCN,1,1,14/11/2012,23/08/2023
DCX,1,1,13/12/2007,23/08/2023
DDB,1,1,06/08/2020,23/08/2023
DDH,1,1,09/03/2021,23/08/2023
DDR,1,1,24/01/2011,23/08/2023
DDT,1,1,12/01/2005,18/08/2023
DEG,1,1,03/07/2002,23/08/2023
DEL,1,1,12/04/2021,23/08/2023
DEM,1,1,07/04/2017,22/08/2023
DES,1,1,16/12/2022,22/08/2023
DEV,1,1,03/10/2000,23/08/2023
DGH,1,1,11/01/2000,21/08/2023
DGL,1,1,24/05/2021,23/08/2023
DGR,1,1,21/08/2003,23/08/2023
DHG,1,1,16/11/2017,23/08/2023
DJW,1,1,04/01/2000,23/08/2023
DKM,1,1,04/08/2014,23/08/2023
DLI,1,1,03/11/2017,23/08/2023
DLM,1,1,01/11/2021,23/08/2023
DM1,1,1,05/01/2000,23/08/2023
DMC,1,1,04/01/2000,06/07/2015
DME,1,1,24/10/2013,23/08/2023
DMG,1,1,05/08/2022,23/08/2023
DMM,1,1,29/12/2021,23/08/2023
DMP,1,1,16/05/2005,23/08/2023
DNA,1,1,23/12/2004,23/08/2023
DNK,1,1,17/10/2003,03/04/2023
DOC,1,1,04/12/2020,23/08/2023
DOR,1,1,29/09/2017,07/09/2022
DOU,1,1,06/10/2020,22/08/2023
DOW,1,1,06/01/2000,23/08/2023
DRA,1,1,09/07/2021,17/08/2023
DRE,1,1,01/03/2019,23/08/2023
DRO,1,1,22/06/2016,23/08/2023
DRR,1,1,23/10/2020,23/08/2023
DRX,1,1,22/06/2005,23/08/2023
DSE,1,1,07/01/2000,23/08/2023
DSK,1,1,02/11/2020,23/08/2023
DTC,1,1,16/10/2019,23/08/2023
DTI,1,1,09/12/2014,23/08/2023
DTL,1,1,04/01/2000,23/08/2023
DTM,1,1,10/05/2007,23/08/2023
DTR,1,1,23/06/2011,23/08/2023
DTZ,1,1,13/12/2007,23/08/2023
DUB,1,1,30/06/2000,23/08/2023
DUG,1,1,12/08/2020,23/08/2023
DUI,1,1,04/01/2000,23/08/2023
DUN,1,1,10/11/2021,22/08/2023
DUR,1,1,04/11/2020,23/08/2023
DVL,1,1,11/12/2013,23/08/2023
DVP,1,1,27/04/2007,23/08/2023
DVR,1,1,02/08/2005,18/08/2023
DXB,1,1,29/09/2005,23/08/2023
DXC,1,1,27/07/2017,23/08/2023
DXI,1,1,03/12/2013,23/08/2023
DXN,1,1,11/04/2018,23/08/2023
DXS,1,1,06/10/2004,23/08/2023
DY6,1,1,29/06/2023,23/08/2023
DYL,1,1,04/01/2000,23/08/2023
DYM,1,1,16/01/2023,23/08/2023
E25,1,1,09/11/2006,23/08/2023
E33,1,1,29/07/2021,18/08/2023
E79,1,1,07/10/2021,23/08/2023
EAX,1,1,13/10/2011,07/08/2023
EBG,1,1,04/01/2000,14/08/2023
EBO,1,1,06/12/2013,23/08/2023
EBR,1,1,04/01/2000,23/08/2023
ECF,1,1,06/12/2019,23/08/2023
ECG,1,1,28/11/2014,14/08/2023
ECL,1,1,04/01/2000,23/08/2023
ECP,1,1,14/08/2014,23/08/2023
ECS,1,1,31/05/2010,23/08/2023
ECT,1,1,19/01/2006,23/08/2023
EDC,1,1,28/02/2017,21/08/2023
EDE,1,1,06/06/2006,23/08/2023
EDU,1,1,12/05/2015,22/08/2023
EDV,1,1,24/06/2021,23/08/2023
EEG,1,1,04/01/2000,23/08/2023
EEL,1,1,01/07/2011,23/08/2023
EFE,1,1,16/05/2008,23/08/2023
EG1,1,1,11/04/2023,23/08/2023
EGG,1,1,30/04/2004,23/08/2023
EGH,1,1,01/07/2004,23/08/2023
EGL,1,1,04/01/2000,23/08/2023
EGN,1,1,14/12/2006,23/08/2023
EGR,1,1,29/10/2010,23/08/2023
EGY,1,1,04/01/2000,22/08/2023
EHE,1,1,05/12/2014,23/08/2023
EHL,1,1,28/07/2006,23/08/2023
EIQ,1,1,17/12/2010,23/08/2023
EL8,1,1,05/01/2000,23/08/2023
ELD,1,1,04/01/2000,23/08/2023
ELE,1,1,14/04/2021,23/08/2023
ELS,1,1,08/06/2017,23/08/2023
ELT,1,1,23/12/2009,23/08/2023
EM2,1,1,16/03/2018,23/08/2023
EMB,1,1,08/02/2000,08/06/2023
EMC,1,1,18/10/2006,23/08/2023
EMD,1,1,12/02/2020,23/08/2023
EME,1,1,09/09/2005,23/08/2023
EMH,1,1,19/07/2012,23/08/2023
EML,1,1,18/01/2006,23/08/2023
EMN,1,1,02/10/2018,23/08/2023
EMP,1,1,23/08/2006,23/08/2023
EMR,1,1,30/06/2006,23/08/2023
EMS,1,1,24/01/2002,23/08/2023
EMT,1,1,26/10/2010,17/08/2023
EMU,1,1,27/02/2008,23/08/2023
EMUCA,0,0,,
EMV,1,1,13/12/2018,23/08/2023
ENA,1,1,23/09/2011,23/08/2023
ENN,1,1,11/07/2014,23/08/2023
ENR,1,1,24/03/2006,23/08/2023
ENT,1,1,20/06/2007,23/08/2023
ENV,1,1,13/04/2007,23/08/2023
ENX,1,1,09/10/2013,22/08/2023
EOF,1,1,29/03/2019,21/08/2023
EOL,1,1,15/01/2007,23/08/2023
EOS,1,1,23/10/2000,23/08/2023
EP1,1,1,14/05/2018,23/08/2023
EPM,1,1,17/02/2011,23/08/2023
EPX,1,1,12/09/2006,22/08/2023
EPY,1,1,23/02/2010,23/08/2023
EQE,1,1,04/01/2000,15/03/2023
EQN,1,1,13/10/2021,21/08/2023
EQR,1,1,06/06/2006,23/08/2023
EQS,1,1,03/05/2022,18/08/2023
EQT,1,1,06/01/2000,23/08/2023
EQX,1,1,04/01/2000,18/08/2023
ERA,1,1,04/01/2000,23/08/2023
ERD,1,1,26/05/2011,23/08/2023
ERG,1,1,29/03/2006,17/08/2023
ERL,1,1,01/02/2007,23/08/2023
ERM,1,1,17/12/2007,23/08/2023
ERW,1,1,14/12/2020,23/08/2023
ESK,1,1,07/09/2012,23/08/2023
ESR,1,1,09/05/2012,23/08/2023
ESS,1,1,04/12/2003,23/08/2023
ETM,1,1,20/06/2006,23/08/2023
ETR,1,1,02/11/2006,23/08/2023
EUR,1,1,02/12/2010,23/08/2023
EV1,1,1,16/11/2021,23/08/2023
EVE,1,1,08/04/2004,23/08/2023
EVG,1,1,19/01/2018,23/08/2023
EVN,1,1,20/08/2002,23/08/2023
EVO,1,1,05/12/2014,23/08/2023
EVR,1,1,03/01/2018,23/08/2023
EVS,1,1,11/02/2008,23/08/2023
EVT,1,1,04/01/2000,23/08/2023
EVZ,1,1,04/01/2000,21/08/2023
EWC,1,1,04/01/2000,28/02/2023
EX1,1,1,18/12/2018,23/08/2023
EXL,1,1,08/01/2018,23/08/2023
EXP,1,1,27/03/2015,22/08/2023
EXR,1,1,29/09/2005,23/08/2023
EYE,1,1,07/02/2000,23/08/2023
EZL,1,1,04/01/2000,23/08/2023
EZZ,1,1,03/03/2021,23/08/2023
FAL,1,1,29/12/2021,23/08/2023
FAR,1,1,04/01/2000,23/08/2023
FAU,1,1,04/01/2000,23/08/2023
FBM,1,1,01/09/2011,23/08/2023
FBR,1,1,08/02/2001,23/08/2023
FBU,1,1,04/01/2000,23/08/2023
FCL,1,1,04/01/2000,23/08/2023
FCT,1,1,11/05/2011,23/08/2023
FDR,1,1,08/04/2022,21/08/2023
FDV,1,1,26/08/2016,23/08/2023
FEG,1,1,28/03/2022,23/08/2023
FEX,1,1,04/08/2008,23/08/2023
FFF,1,1,29/09/2005,23/08/2023
FFG,1,1,22/07/2014,23/08/2023
FFI,1,1,31/01/2000,23/08/2023
FFT,1,1,02/12/2013,23/08/2023
FFX,1,1,06/12/2006,02/12/2011
FG1,1,1,17/06/2021,22/08/2023
FGG,1,1,10/09/2015,23/08/2023
FGH,1,1,06/01/2000,23/08/2023
FGL,1,1,10/08/2004,21/08/2023
FGR,1,1,05/01/2000,23/08/2023
FGX,1,1,04/01/2000,23/08/2023
FHE,1,1,12/02/2016,23/08/2023
FHS,1,1,16/01/2017,31/01/2023
FID,1,1,20/02/2015,23/08/2023
FIN,1,1,25/05/2018,23/08/2023
FLC,1,1,18/12/2007,23/08/2023
FLN,1,1,15/11/2013,22/08/2023
FLT,1,1,04/01/2000,23/08/2023
FLX,1,1,04/01/2000,23/08/2023
FME,1,1,16/08/2007,23/08/2023
FMG,1,1,04/01/2000,23/08/2023
FML,1,1,13/09/2000,23/08/2023
FND,1,1,08/08/2001,22/08/2023
FNX,1,1,21/12/2006,23/08/2023
FOR,1,1,16/12/2016,23/08/2023
FOS,1,1,07/06/2021,23/08/2023
FPC,1,1,22/03/2017,21/08/2023
FPH,1,1,21/11/2001,23/08/2023
FPP,1,1,16/10/2017,23/08/2023
FPR,1,1,22/04/2015,23/08/2023
FRB,1,1,18/03/2021,23/08/2023
FRE,1,1,28/01/2022,23/08/2023
FRI,1,1,04/01/2000,23/08/2023
FRM,1,1,04/01/2000,23/08/2023
FRS,1,1,31/12/2003,23/08/2023
FRX,1,1,16/06/2015,16/08/2023
FSA,1,1,11/01/2001,22/08/2023
FSF,1,1,30/11/2012,23/08/2023
FSG,1,1,26/04/2005,23/08/2023
FSI,1,1,20/12/2000,23/08/2023
FTC,1,1,27/11/2012,11/08/2023
FTL,1,1,13/04/2022,23/08/2023
FTZ,1,1,02/09/2013,23/08/2023
FWD,1,1,04/01/2000,23/08/2023
FXG,1,1,31/01/2022,23/08/2023
FYI,1,1,04/01/2000,23/08/2023
FZR,1,1,04/01/2000,23/08/2023
G1A,1,1,07/09/2017,23/08/2023
G50,1,1,06/08/2021,22/08/2023
G6M,1,1,04/01/2000,23/08/2023
G88,1,1,19/06/2017,23/08/2023
GAL,1,1,07/06/2007,23/08/2023
GAP,1,1,14/12/2000,23/08/2023
GAS,1,1,10/10/2017,23/08/2023
GBE,1,1,09/12/2005,23/08/2023
GBR,1,1,18/11/2016,23/08/2023
GBZ,1,1,24/10/2007,22/08/2023
GC1,1,1,21/08/2015,23/08/2023
GCI,1,1,25/05/2018,23/08/2023
GCM,1,1,15/11/2007,23/08/2023
GCR,1,1,18/02/2022,23/08/2023
GCX,1,1,27/06/2022,14/08/2023
GCY,0,0,,
GDA,1,1,13/12/2006,23/08/2023
GDC,1,1,14/04/2000,23/08/2023
GDF,1,1,02/07/2015,23/08/2023
GDG,1,1,11/12/2007,22/08/2023
GDI,1,1,17/12/2013,23/08/2023
GED,1,1,04/01/2000,23/08/2023
GEM,1,1,05/12/2007,23/08/2023
GEN,1,1,10/03/2021,23/08/2023
GES,1,1,27/10/2009,22/08/2023
GFL,1,1,16/05/2006,23/08/2023
GGE,1,1,29/01/2004,21/08/2023
GGX,1,1,13/05/2005,23/08/2023
GHY,1,1,13/01/2023,23/08/2023
GIB,1,1,01/07/2008,23/08/2023
GL1,1,1,06/05/2021,23/08/2023
GLA,1,1,27/06/2006,23/08/2023
GLB,1,1,24/05/2001,23/08/2023
GLE,1,1,14/12/2005,21/08/2023
GLH,1,1,04/04/2000,21/08/2023
GLL,1,1,04/01/2000,23/08/2023
GLN,1,1,08/06/2011,23/08/2023
GLV,1,1,15/07/2009,23/08/2023
GMD,1,1,02/08/2007,23/08/2023
GMG,1,1,02/02/2005,23/08/2023
GML,1,1,20/03/2018,23/08/2023
GMN,1,1,02/09/2011,23/08/2023
GMR,1,1,29/09/2005,23/08/2023
GNC,1,1,04/01/2000,23/08/2023
GNE,1,1,17/04/2014,23/08/2023
GNG,1,1,19/04/2011,23/08/2023
GNM,1,1,10/07/2007,23/08/2023
GNP,1,1,14/12/2020,23/08/2023
GNX,1,1,08/07/2015,23/08/2023
GO2,1,1,31/10/2017,03/04/2023
GOR,1,1,04/07/2006,23/08/2023
GOW,1,1,04/01/2000,23/08/2023
GOZ,1,1,04/07/2007,23/08/2023
GPR,1,1,09/05/2006,22/08/2023
GPS,0,0,,
GPT,1,1,04/01/2000,23/08/2023
GQG,1,1,26/10/2021,23/08/2023
GRE,1,1,04/01/2022,23/08/2023
GRL,1,1,18/12/2019,23/08/2023
GRLN,0,0,,
GRR,1,1,04/01/2000,23/08/2023
GRV,1,1,05/01/2000,23/08/2023
GRX,1,1,24/10/2005,23/08/2023
GSM,1,1,08/11/2018,23/08/2023
GSN,1,1,14/04/2011,23/08/2023
GSR,1,1,12/12/2000,23/08/2023
GSS,1,1,31/03/2015,23/08/2023
GT1,1,1,10/11/2021,23/08/2023
GTE,1,1,05/06/2007,22/08/2023
GTG,1,1,04/01/2000,23/08/2023
GTI,1,1,17/07/2008,21/08/2023
GTK,1,1,25/06/2014,23/08/2023
GTN,1,1,01/06/2016,22/08/2023
GTR,1,1,10/08/2007,23/08/2023
GUD,1,1,04/01/2000,23/08/2023
GUL,1,1,04/01/2000,07/08/2023
GVF,1,1,21/07/2014,23/08/2023
GW1,1,1,20/10/2005,23/08/2023
GWA,1,1,04/01/2000,23/08/2023
GWR,1,1,24/12/2004,23/08/2023
H2G,1,1,13/01/2000,23/08/2023
HAL,1,1,26/04/2022,23/08/2023
HAR,1,1,27/01/2022,15/08/2023
HAS,1,1,20/02/2008,23/08/2023
HAV,1,1,21/03/2002,23/08/2023
HAW,1,1,29/09/2005,21/08/2023
HCD,1,1,21/04/2006,23/08/2023
HCF,1,1,25/10/2022,21/08/2023
HCH,1,1,03/05/2010,23/08/2023
HCT,1,1,26/02/2004,21/08/2023
HCW,1,1,06/09/2021,23/08/2023
HDN,1,1,23/11/2020,23/08/2023
HE8,1,1,20/10/2010,23/08/2023
HFR,1,1,07/02/2012,23/08/2023
HFY,1,1,12/01/2017,22/08/2023
HGH,1,1,01/11/2018,23/08/2023
HGL,1,1,04/01/2000,06/07/2023
HGO,1,1,21/02/2003,23/08/2023
HGV,1,1,22/01/2015,23/08/2023
HHR,1,1,16/10/2019,23/08/2023
HIL,0,0,,
HIO,1,1,14/11/2007,23/08/2023
HIQ,1,1,16/06/2021,21/08/2023
HIT,1,1,17/04/2000,23/08/2023
HLA,1,1,11/09/2018,23/08/2023
HLI,1,1,20/05/2014,23/08/2023
HLO,1,1,13/09/2000,23/08/2023
HLS,1,1,05/01/2000,23/08/2023
HLX,1,1,04/01/2000,23/08/2023
HM1,1,1,14/11/2018,23/08/2023
HMC,1,1,14/10/2019,23/08/2023
HMD,1,1,12/12/2018,23/08/2023
HMG,1,1,05/11/2021,23/08/2023
HMI,1,1,15/09/2010,22/08/2023
HMX,1,1,25/02/2003,23/08/2023
HMY,1,1,19/11/2020,23/08/2023
HNG,1,1,04/01/2000,21/08/2023
HNR,1,1,02/02/2012,23/08/2023
HOR,1,1,29/07/2010,23/08/2023
HPC,1,1,29/12/2021,23/08/2023
HPG,1,1,12/11/2020,23/08/2023
HPI,1,1,10/12/2013,23/08/2023
HPP,1,1,04/01/2000,23/08/2023
HPR,1,1,30/03/2007,23/08/2023
HRE,1,1,24/08/2022,23/08/2023
HRN,1,1,21/12/2016,23/08/2023
HRZ,1,1,04/01/2000,23/08/2023
HSN,1,1,01/06/2000,23/08/2023
HT8,1,1,04/01/2000,23/08/2023
HTA,1,1,04/01/2000,18/08/2023
HTG,1,1,12/05/2016,23/08/2023
HTM,1,1,23/01/2023,16/08/2023
HUB,1,1,05/07/2007,23/08/2023
HUM,1,1,12/12/2006,23/08/2023
HVM,1,1,23/01/2020,29/06/2023
HVN,1,1,04/01/2000,23/08/2023
HVY,1,1,14/09/2021,23/08/2023
HXG,1,1,30/10/2008,23/08/2023
HXL,1,1,01/12/2020,23/08/2023
HYD,1,1,11/05/2001,22/08/2023
HYT,1,1,02/12/2022,23/08/2023
HZN,1,1,04/01/2000,23/08/2023
HZR,1,1,02/12/2015,23/08/2023
IAG,1,1,08/08/2000,23/08/2023
IAM,1,1,07/01/2000,22/08/2023
IBC,1,1,04/01/2000,23/08/2023
IBG,1,1,16/08/2006,22/08/2023
IBX,1,1,22/06/2017,23/08/2023
ICE,1,1,04/01/2000,22/08/2023
ICG,1,1,19/06/2008,21/08/2023
ICI,1,1,04/02/2016,23/08/2023
ICL,1,1,14/04/2021,23/08/2023
ICN,1,1,04/01/2000,23/08/2023
ICR,1,1,25/05/2020,23/08/2023
ID8,1,1,17/10/2018,23/08/2023
IDA,1,1,29/09/2005,23/08/2023
IDT,1,1,04/01/2000,23/08/2023
IDX,1,1,21/10/2015,23/08/2023
IEC,1,1,04/07/2007,23/08/2023
IEL,1,1,26/11/2015,23/08/2023
IEQ,1,1,04/05/2023,04/05/2023
IFL,1,1,05/12/2003,23/08/2023
IFM,1,1,16/08/2000,23/08/2023
IFT,1,1,30/08/2010,23/08/2023
IG6,1,1,07/04/2022,23/08/2023
IGL,1,1,16/12/2015,23/08/2023
IGN,1,1,04/01/2000,23/08/2023
IGO,1,1,17/01/2002,23/08/2023
IHL,1,1,23/05/2007,23/08/2023
IIQ,1,1,04/01/2000,23/08/2023
IKE,1,1,31/05/2018,22/08/2023
ILA,1,1,13/04/2021,21/08/2023
ILT,1,1,30/06/2023,18/08/2023
ILU,1,1,04/01/2000,23/08/2023
IMA,1,1,04/07/2002,23/08/2023
IMB,1,1,04/01/2000,23/08/2023
IMC,1,1,04/01/2000,23/08/2023
IMD,1,1,04/01/2000,23/08/2023
IME,1,1,14/12/2005,21/08/2023
IMI,1,1,29/12/2021,23/08/2023
IMM,1,1,04/01/2000,23/08/2023
IMR,1,1,30/08/2019,23/08/2023
IMU,1,1,04/01/2000,23/08/2023
INA,1,1,29/09/2005,23/08/2023
IND,1,1,04/01/2000,23/08/2023
INF,1,1,15/04/2011,23/08/2023
ING,1,1,07/11/2016,23/08/2023
INL,1,1,22/02/2019,02/08/2023
INP,1,1,09/09/2014,17/08/2023
INR,1,1,19/12/2007,23/08/2023
INV,1,1,21/04/2005,22/08/2023
IOD,1,1,18/11/2003,23/08/2023
IOU,1,1,12/10/2000,13/03/2023
IPB,1,1,30/04/2013,18/08/2023
IPC,1,1,24/10/2002,06/07/2023
IPD,1,1,24/10/2007,23/08/2023
IPG,1,1,29/12/2021,23/08/2023
IPH,1,1,19/11/2014,23/08/2023
IPL,1,1,28/07/2003,23/08/2023
IPT,1,1,29/11/2006,23/08/2023
IPX,1,1,16/04/2018,23/08/2023
IR1,1,1,23/09/2021,23/08/2023
IRD,1,1,12/06/2008,23/08/2023
IRE,1,1,03/11/2000,23/08/2023
IRI,1,1,13/12/2000,23/08/2023
IRX,1,1,11/01/2017,23/08/2023
IS3,1,1,30/03/2017,31/07/2023
ITM,1,1,21/10/2021,23/08/2023
IVC,1,1,04/12/2003,23/08/2023
IVO,0,0,,
IVR,0,0,,
IVT,1,1,05/01/2000,23/08/2023
IVX,1,1,15/02/2010,23/08/2023
IVZ,1,1,19/01/2012,23/08/2023
IXC,1,1,05/07/2019,23/08/2023
IXR,1,1,04/01/2000,23/08/2023
IXU,1,1,15/11/2017,23/08/2023
JAL,1,1,18/12/2007,18/08/2023
JAN,1,1,21/12/2017,23/08/2023
JAT,1,1,30/01/2008,23/08/2023
JAV,1,1,09/10/2012,21/08/2023
JAY,1,1,29/01/2018,23/08/2023
JBH,1,1,23/10/2003,23/08/2023
JCS,1,1,08/12/2000,23/08/2023
JDO,1,1,01/11/2021,23/08/2023
JGH,1,1,04/10/2021,23/08/2023
JHG,1,1,27/10/2008,23/08/2023
JHX,1,1,04/01/2000,23/08/2023
JIN,1,1,04/01/2000,23/08/2023
JLG,1,1,26/10/2017,23/08/2023
JMS,1,1,18/04/2018,23/08/2023
JNO,1,1,14/05/2021,22/08/2023
JPR,1,1,12/11/2003,17/08/2023
JRL,1,1,11/07/2002,22/08/2023
JRV,1,1,04/01/2000,23/08/2023
JTL,1,1,17/12/2015,23/08/2023
JXT,1,1,21/09/2010,23/08/2023
JYC,1,1,04/01/2000,18/08/2023
K2F,1,1,19/02/2008,15/08/2023
KAI,1,1,04/01/2000,23/08/2023
KAL,1,1,20/04/2005,23/08/2023
KAM,1,1,29/11/2007,17/08/2023
KAR,1,1,08/06/2004,23/08/2023
KAT,1,1,23/12/2005,21/08/2023
KAU,1,1,28/02/2020,23/08/2023
KBC,1,1,30/12/2020,09/08/2023
KCC,1,1,30/03/2021,23/08/2023
KCN,1,1,04/01/2000,23/08/2023
KDY,1,1,04/04/2001,23/02/2023
KED,1,1,02/06/2021,23/08/2023
KEY,1,1,26/04/2007,22/08/2023
KFM,1,1,11/12/2020,23/08/2023
KGD,1,1,16/11/2010,23/08/2023
KGL,1,1,17/03/2005,23/08/2023
KGN,1,1,07/07/2016,23/08/2023
KIL,1,1,08/07/2002,22/08/2023
KIN,1,1,02/10/2013,23/08/2023
KKC,1,1,21/11/2019,23/08/2023
KKO,1,1,18/05/2020,23/08/2023
KLI,1,1,10/02/2022,23/08/2023
KLL,1,1,22/12/2016,01/06/2023
KLO,0,0,,
KLR,1,1,05/01/2000,21/07/2023
KLS,1,1,16/10/2013,23/08/2023
KMD,1,1,13/11/2009,23/08/2023
KME,1,1,15/08/2003,23/08/2023
KNB,1,1,28/09/2021,18/08/2023
KNG,1,1,14/06/2022,23/08/2023
KNI,1,1,24/08/2021,23/08/2023
KNM,1,1,04/01/2000,22/08/2023
KNO,1,1,09/09/2015,22/08/2023
KOB,1,1,04/05/2022,23/08/2023
KOR,1,1,31/08/2005,23/08/2023
KOV,1,1,04/01/2000,23/08/2023
KP2,1,1,07/11/2017,23/08/2023
KPG,1,1,21/06/2017,23/08/2023
KPO,1,1,12/01/2000,23/08/2023
KRM,1,1,18/12/2017,23/08/2023
KRR,1,1,21/09/2007,22/08/2023
KSC,1,1,04/01/2000,23/08/2023
KSL,1,1,30/07/2015,23/08/2023
KSN,1,1,04/01/2000,23/08/2023
KSS,0,0,,
KTA,1,1,28/12/2012,23/08/2023
KTG,1,1,01/11/2012,23/01/2023
KYP,1,1,08/09/2015,23/08/2023
KZA,1,1,04/01/2000,23/08/2023
KZR,1,1,16/01/2017,23/08/2023
L1M,1,1,22/11/2022,23/08/2023
LAM,1,1,20/09/2019,23/08/2023
LAU,1,1,04/01/2000,23/08/2023
LAW,1,1,12/05/2000,20/04/2023
LBL,1,1,17/12/2007,23/08/2023
LBT,1,1,31/07/2006,23/08/2023
LCE,1,1,03/11/2000,01/08/2023
LCL,1,1,02/10/2007,23/08/2023
LCT,1,1,01/09/2004,23/08/2023
LCY,1,1,08/07/2008,23/08/2023
LDR,1,1,29/01/2004,23/08/2023
LDX,1,1,05/07/2021,23/08/2023
LEG,1,1,04/01/2000,23/08/2023
LEL,1,1,19/05/2021,23/08/2023
LEX,1,1,12/01/2000,23/08/2023
LFG,1,1,15/12/2020,23/08/2023
LFS,1,1,20/04/2021,23/08/2023
LGI,1,1,04/10/2022,23/08/2023
LGL,1,1,04/01/2000,23/08/2023
LGM,1,1,13/09/2021,21/08/2023
LGP,1,1,20/02/2020,23/08/2023
LHM,1,1,05/10/2004,17/08/2023
LIC,1,1,04/01/2000,23/08/2023
LIN,1,1,02/03/2000,23/08/2023
LIO,1,1,04/01/2000,23/08/2023
LIS,1,1,28/09/2021,23/08/2023
LIT,1,1,30/10/2007,23/08/2023
LKE,1,1,29/08/2001,23/08/2023
LKO,1,1,07/02/2022,18/08/2023
LKY,1,1,08/07/2021,23/08/2023
LLC,1,1,04/01/2000,23/08/2023
LLI,1,1,06/07/2021,23/08/2023
LLL,1,1,23/06/2022,17/07/2023
LLO,1,1,17/06/2013,23/08/2023
LM1,1,1,29/03/2023,23/08/2023
LM8,1,1,16/06/2021,23/08/2023
LMG,1,1,04/01/2000,23/08/2023
LML,1,1,20/01/2023,22/08/2023
LNK,1,1,27/10/2015,23/08/2023
LNR,1,1,09/04/2003,23/08/2023
LNU,1,1,26/07/2011,23/08/2023
LNW,1,1,26/05/2023,23/08/2023
LOM,1,1,19/12/2006,23/08/2023
LOT,1,1,18/02/2009,23/08/2023
LOV,1,1,18/12/2014,23/08/2023
LPD,1,1,04/01/2000,23/08/2023
LPE,1,1,11/10/2011,23/08/2023
LPI,1,1,24/06/2016,23/08/2023
LPM,1,1,27/06/2007,23/08/2023
LRD,1,1,07/04/2022,22/08/2023
LRK,1,1,11/05/2020,23/08/2023
LRL,1,1,07/05/2018,23/08/2023
LRS,1,1,21/09/2010,23/08/2023
LRT,1,1,22/03/2018,23/08/2023
LRV,1,1,06/12/2021,22/08/2023
LSA,1,1,04/01/2000,23/08/2023
LSF,1,1,24/04/2018,23/08/2023
LSR,1,1,21/12/2007,23/08/2023
LSX,1,1,13/03/2013,22/08/2023
LTR,1,1,27/12/2006,23/08/2023
LU7,1,1,19/10/2011,23/08/2023
LV1,1,1,14/12/2020,21/08/2023
LVE,1,1,05/12/2014,14/08/2023
LVH,1,1,10/06/2016,23/08/2023
LVT,1,1,04/01/2000,23/08/2023
LYC,1,1,04/01/2000,23/08/2023
LYK,1,1,21/10/2021,23/08/2023
LYL,1,1,17/12/2004,23/08/2023
LYN,1,1,17/11/2021,23/08/2023
M24,1,1,05/02/2021,23/08/2023
M2M,1,1,10/09/2021,17/08/2023
M2R,1,1,22/10/2020,23/08/2023
M3M,1,1,29/07/2021,23/08/2023
M4M,1,1,24/03/2005,23/08/2023
M7T,1,1,30/11/2005,23/08/2023
M8S,1,1,11/12/2019,08/02/2023
MAD,1,1,01/10/2019,23/08/2023
MAF,1,1,10/04/2017,23/08/2023
MAG,1,1,19/05/2017,23/08/2023
MAH,1,1,04/01/2000,23/08/2023
MAM,1,1,30/04/2018,23/08/2023
MAN,1,1,05/01/2000,23/08/2023
MAP,1,1,14/08/2002,23/08/2023
MAQ,1,1,04/01/2000,23/08/2023
MAT,1,1,20/04/2005,23/08/2023
MAU,1,1,05/04/2007,23/08/2023
MAUCA,1,1,14/07/2016,27/07/2023
MAY,1,1,01/10/2001,23/08/2023
MBH,1,1,22/07/2020,23/08/2023
MBK,1,1,02/03/2011,23/08/2023
MBX,1,1,07/01/2022,06/07/2023
MCA,1,1,30/03/2011,22/08/2023
MCE,1,1,16/11/2009,22/08/2023
MCL,1,1,17/12/2019,22/08/2023
MCM,1,1,04/01/2000,23/08/2023
MCP,1,1,04/01/2000,23/08/2023
MCT,1,1,28/12/2005,23/08/2023
MCX,1,1,04/01/2000,13/11/2009
MCY,1,1,10/05/2013,23/08/2023
MDC,1,1,14/07/2015,22/02/2023
MDI,1,1,16/12/2010,23/08/2023
MDR,1,1,26/05/2011,23/08/2023
MDX,1,1,01/03/2023,23/08/2023
ME1,1,1,20/10/2016,23/08/2023
MEA,1,1,07/12/2015,23/08/2023
MEB,1,1,29/01/2001,23/08/2023
MEC,1,1,03/05/2017,23/08/2023
MEG,1,1,27/10/2020,23/08/2023
MEI,1,1,16/07/2004,23/08/2023
MEL,1,1,23/12/2004,23/08/2023
MEM,1,1,14/05/2007,22/08/2023
MEU,1,1,21/11/2007,23/08/2023
MEZ,1,1,29/10/2013,23/08/2023
MFD,1,1,30/11/2016,23/08/2023
MFF,1,1,19/12/2006,23/08/2023
MFG,1,1,01/07/2004,23/08/2023
MGA,1,1,06/07/2022,23/08/2023
MGF,1,1,02/12/2020,23/08/2023
MGH,1,1,04/12/2020,23/08/2023
MGL,1,1,04/01/2000,23/08/2023
MGR,1,1,04/01/2000,23/08/2023
MGT,1,1,06/04/2006,23/08/2023
MGU,1,1,20/01/2000,23/08/2023
MGV,1,1,29/04/2011,23/08/2023
MGX,1,1,02/03/2001,23/08/2023
MHC,1,1,29/01/2008,23/08/2023
MHI,1,1,05/01/2000,10/08/2023
MHJ,1,1,07/07/2016,23/08/2023
MHK,1,1,19/11/2020,23/08/2023
MI6,1,1,12/10/2021,23/08/2023
MIH,0,0,,
MIL,1,1,19/11/2015,22/08/2023
MIN,1,1,28/07/2006,23/08/2023
MIO,1,1,06/12/2019,23/08/2023
MIR,1,1,28/06/2001,23/08/2023
MKG,1,1,16/04/2018,21/08/2023
MKL,1,1,21/04/2021,22/08/2023
MKR,1,1,14/07/2020,23/08/2023
MLG,1,1,04/05/2021,23/08/2023
MLM,1,1,23/11/2004,22/08/2023
MLS,1,1,04/01/2000,23/08/2023
MLX,1,1,29/09/2005,23/08/2023
MM1,1,1,07/09/2021,23/08/2023
MM8,1,1,22/03/2021,23/08/2023
MMA,1,1,29/04/2022,23/08/2023
MMC,1,1,08/01/2013,22/08/2023
MME,1,1,12/12/2019,23/08/2023
MMI,1,1,04/12/2009,23/08/2023
MMM,1,1,02/07/2018,23/08/2023
MMR,0,0,,
MMS,1,1,15/03/2004,23/08/2023
MNB,1,1,18/10/2010,23/08/2023
MND,1,1,04/01/2000,23/08/2023
MNS,1,1,25/10/2005,23/08/2023
MOB,1,1,02/05/2017,23/08/2023
MOH,1,1,07/11/2018,23/08/2023
MOM,1,1,04/01/2000,23/08/2023
MOT,1,1,29/05/2002,23/08/2023
MOV,1,1,05/10/2004,23/08/2023
MOZ,1,1,11/05/2000,23/08/2023
MP1,1,1,17/12/2015,23/08/2023
MPA,1,1,20/10/2000,23/08/2023
MPG,1,1,16/03/2022,23/08/2023
MPL,1,1,25/11/2014,23/08/2023
MPP,1,1,30/07/2014,17/08/2023
MPR,1,1,04/01/2000,23/08/2023
MPX,1,1,28/11/2014,18/08/2023
MQG,1,1,04/01/2000,23/08/2023
MQR,1,1,15/03/2017,23/08/2023
MRC,1,1,04/01/2000,23/08/2023
MRD,1,1,15/09/2004,23/08/2023
MRI,1,1,29/09/2005,23/08/2023
MRL,1,1,21/09/2017,23/08/2023
MRM,1,1,04/01/2000,23/08/2023
MRQ,1,1,08/06/2011,23/08/2023
MRR,1,1,11/11/2011,23/08/2023
MRZ,1,1,04/01/2000,21/08/2023
MSB,1,1,16/12/2004,23/08/2023
MSG,1,1,17/01/2012,22/08/2023
MSI,1,1,05/01/2000,22/08/2023
MSV,1,1,02/08/2011,23/08/2023
MTB,1,1,04/01/2000,21/08/2023
MTC,1,1,24/02/2017,23/08/2023
MTH,1,1,18/11/2002,23/08/2023
MTM,1,1,29/09/2005,23/08/2023
MTO,1,1,29/04/2016,23/08/2023
MTS,1,1,04/01/2000,23/08/2023
MVF,1,1,26/06/2014,23/08/2023
MVL,1,1,14/06/2016,21/08/2023
MVP,1,1,15/12/2003,23/08/2023
MWY,1,1,08/12/2016,23/08/2023
MX1,1,1,22/12/2015,23/08/2023
MXC,1,1,21/12/2006,23/08/2023
MXI,1,1,04/01/2000,23/08/2023
MXO,1,1,09/05/2011,23/08/2023
MXR,1,1,26/10/2005,23/08/2023
MXT,1,1,09/10/2017,23/08/2023
MYE,1,1,07/05/2010,23/08/2023
MYG,1,1,27/02/2018,23/08/2023
MYR,1,1,02/11/2009,23/08/2023
MYS,1,1,07/01/2000,23/08/2023
MYX,1,1,29/06/2007,23/08/2023
MZZ,1,1,08/03/2017,23/08/2023
N1H,1,1,18/03/2016,07/08/2023
NAB,1,1,04/01/2000,23/08/2023
NAC,1,1,12/11/2014,23/08/2023
NAE,1,1,27/10/2006,23/08/2023
NAG,1,1,23/06/2006,23/08/2023
NAM,1,1,04/01/2000,21/08/2023
NAN,1,1,17/05/2007,23/08/2023
NBI,1,1,26/09/2018,23/08/2023
NC1,1,1,19/01/2022,23/08/2023
NC6,1,1,18/10/2017,23/08/2023
NCC,1,1,26/02/2013,23/08/2023
NCK,1,1,26/05/2004,23/08/2023
NCM,1,1,04/01/2000,23/08/2023
NCR,1,1,17/02/2010,13/03/2023
NEC,1,1,06/12/2013,23/08/2023
NES,1,1,07/12/2017,23/08/2023
NET,1,1,13/01/2011,23/08/2023
NEU,1,1,03/02/2005,23/08/2023
NFL,1,1,21/12/2006,23/08/2023
NGE,1,1,28/12/2007,21/08/2023
NGI,1,1,28/04/2006,23/08/2023
NGL,1,1,18/11/2022,23/08/2023
NGS,1,1,30/10/2020,23/08/2023
NGX,1,1,16/06/2023,23/08/2023
NGY,1,1,29/09/2005,23/08/2023
NHC,1,1,16/09/2003,23/08/2023
NHE,1,1,29/09/2005,23/08/2023
NHF,1,1,05/11/2007,23/08/2023
NIC,1,1,20/08/2018,23/08/2023
NIM,1,1,22/11/2021,23/08/2023
NIS,1,1,18/10/2021,23/08/2023
NKL,1,1,07/05/2021,23/08/2023
NME,1,1,06/12/2007,21/08/2023
NML,1,1,31/03/2011,08/06/2023
NMR,1,1,17/11/2020,23/08/2023
NMT,1,1,10/07/2002,23/08/2023
NNG,1,1,18/02/2021,23/08/2023
NNL,1,1,01/06/2022,23/08/2023
NOL,1,1,22/07/2021,23/08/2023
NOR,1,1,04/01/2000,23/08/2023
NOU,1,1,29/09/2005,23/08/2023
NOV,1,1,18/01/2016,22/08/2023
NOX,1,1,09/08/2016,23/08/2023
NPM,1,1,10/09/2020,22/08/2023
NPR,1,1,06/12/2021,23/08/2023
NRX,1,1,18/11/2020,23/08/2023
NRZ,1,1,17/03/2005,23/08/2023
NSB,1,1,27/07/2018,16/08/2023
NSC,1,1,25/03/2004,23/08/2023
NSM,1,1,24/09/2020,23/08/2023
NSR,1,1,19/12/2013,23/08/2023
NST,1,1,17/12/2003,23/08/2023
NSX,1,1,13/01/2005,21/08/2023
NTD,1,1,15/12/2017,23/08/2023
NTI,1,1,04/11/2016,23/08/2023
NTL,1,1,04/01/2000,23/08/2023
NTM,1,1,04/01/2000,23/08/2023
NTU,1,1,15/11/2006,23/08/2023
NUC,1,1,09/12/2019,15/08/2023
NUF,1,1,05/01/2000,23/08/2023
NUH,1,1,05/03/2010,23/08/2023
NVA,1,1,05/01/2000,23/08/2023
NVU,1,1,30/11/2018,19/07/2023
NVX,1,1,02/12/2015,23/08/2023
NWC,1,1,21/09/2005,23/08/2023
NWF,1,1,08/06/2012,22/08/2023
NWH,1,1,05/09/2007,23/08/2023
NWL,1,1,20/11/2017,23/08/2023
NWM,1,1,29/11/2018,23/08/2023
NWS,1,1,19/06/2013,23/08/2023
NWSLV,1,1,19/06/2013,22/08/2023
NXD,1,1,24/08/2009,23/08/2023
NXG,1,1,02/07/2021,23/08/2023
NXL,1,1,04/12/2020,23/08/2023
NXM,1,1,23/02/2007,23/08/2023
NXS,1,1,13/09/2000,23/08/2023
NXT,1,1,13/12/2010,23/08/2023
NYM,1,1,14/04/2022,23/08/2023
NYR,1,1,16/01/2020,23/08/2023
NZK,1,1,19/10/2016,21/08/2023
NZM,1,1,27/06/2016,23/08/2023
NZO,1,1,25/09/2020,23/08/2023
NZS,1,1,08/01/2002,23/08/2023
OAK,1,1,22/06/2007,23/08/2023
OAR,1,1,04/01/2000,23/08/2023
OAU,1,1,22/03/2001,23/08/2023
OBL,1,1,28/01/2000,23/08/2023
OBM,1,1,29/10/2002,23/08/2023
OCA,1,1,05/05/2017,21/08/2023
OCC,1,1,12/08/2014,23/08/2023
OCL,1,1,17/08/2000,23/08/2023
OCN,1,1,01/07/2022,23/08/2023
OCT,1,1,16/09/2022,21/08/2023
OD6,1,1,22/06/2022,23/08/2023
ODA,1,1,04/01/2000,23/08/2023
ODM,1,1,05/08/2010,23/08/2023
ODY,1,1,14/01/2021,22/08/2023
OEC,1,1,04/01/2000,23/08/2023
OEL,1,1,22/12/2004,23/08/2023
OEQ,1,1,08/07/2004,21/08/2023
OFX,1,1,11/10/2013,23/08/2023
OIL,1,1,04/01/2000,22/08/2023
OJC,1,1,29/06/2012,23/08/2023
OKJ,1,1,21/06/2019,23/08/2023
OKR,1,1,28/09/2017,23/08/2023
OLH,1,1,02/02/2000,23/08/2023
OLI,1,1,27/02/2023,23/08/2023
OLL,1,1,12/12/2019,22/08/2023
OLY,1,1,24/05/2022,23/08/2023
OM1,1,1,02/03/2022,23/08/2023
OMA,1,1,25/10/2022,23/08/2023
OMH,1,1,26/06/2000,23/08/2023
OML,1,1,17/12/2014,23/08/2023
OMX,1,1,24/11/2004,16/08/2023
ONE,1,1,17/03/2016,23/08/2023
OOK,1,1,21/02/2000,26/10/2022
OPA,0,0,,
OPH,1,1,19/12/2018,23/08/2023
OPL,1,1,04/01/2000,18/08/2023
OPN,1,1,21/07/2021,23/08/2023
OPT,1,1,04/01/2000,23/08/2023
OPY,0,0,,
ORA,1,1,18/12/2013,23/08/2023
ORG,1,1,04/01/2000,23/08/2023
ORI,1,1,04/01/2000,23/08/2023
ORM,1,1,03/01/2007,30/07/2009
ORN,1,1,31/10/2003,23/08/2023
ORR,1,1,04/08/2011,23/08/2023
OSL,1,1,15/08/2005,23/08/2023
OSM,1,1,22/04/2022,23/08/2023
OSX,1,1,23/09/2019,23/08/2023
OXT,1,1,21/01/2022,23/08/2023
OZM,1,1,08/02/2021,23/08/2023
OZZ,1,1,05/07/2021,21/08/2023
PAA,1,1,05/10/2001,23/08/2023
PAB,1,1,13/07/2007,23/08/2023
PAC,1,1,04/01/2000,23/08/2023
PAI,1,1,21/09/2015,23/08/2023
PAM,1,1,08/10/2020,23/08/2023
PAN,1,1,14/09/2001,23/08/2023
PAR,1,1,19/08/2015,23/08/2023
PAT,1,1,09/12/2022,23/08/2023
PBH,1,1,12/06/2019,23/08/2023
PBL,1,1,29/09/2005,10/03/2023
PBP,1,1,14/11/2006,23/08/2023
PCG,1,1,28/02/2001,23/08/2023
PCI,1,1,14/05/2019,23/08/2023
PCK,1,1,01/05/2012,23/08/2023
PCL,1,1,04/01/2000,23/08/2023
PDI,1,1,01/12/2010,23/08/2023
PDN,1,1,04/01/2000,23/08/2023
PE1,1,1,30/04/2019,23/08/2023
PEB,1,1,27/09/2021,23/08/2023
PEC,1,1,05/03/2013,23/08/2023
PEK,1,1,29/11/2006,23/08/2023
PEN,1,1,04/01/2000,23/08/2023
PET,1,1,16/08/2002,09/08/2023
PEX,1,1,17/05/2007,22/08/2023
PFE,1,1,05/08/2021,21/08/2023
PFG,1,1,07/12/2004,23/08/2023
PFP,1,1,23/11/2017,23/08/2023
PFT,1,1,19/12/2005,23/08/2023
PGC,1,1,04/01/2000,23/08/2023
PGD,1,1,31/03/2021,23/08/2023
PGF,1,1,12/12/2013,23/08/2023
PGG,1,1,26/09/2019,23/08/2023
PGH,1,1,17/12/2013,23/08/2023
PGL,1,1,04/01/2000,23/08/2023
PGM,1,1,29/05/2006,23/08/2023
PGO,1,1,16/07/2007,23/08/2023
PGY,1,1,20/04/2006,23/08/2023
PH2,1,1,12/03/2013,23/08/2023
PHL,1,1,14/04/2021,22/08/2023
PHO,1,1,17/12/2009,14/08/2023
PIA,1,1,19/03/2004,23/08/2023
PIC,1,1,18/12/2014,23/08/2023
PIL,1,1,29/05/2008,23/08/2023
PIM,1,1,03/01/2007,23/08/2023
PIQ,1,1,16/04/2015,23/08/2023
PKD,1,1,06/12/2017,16/08/2023
PKO,1,1,02/12/2009,23/08/2023
PL3,1,1,31/03/2023,23/08/2023
PL8,1,1,05/05/2017,23/08/2023
PLG,1,1,20/09/2021,23/08/2023
PLL,1,1,25/05/2005,23/08/2023
PLS,1,1,16/06/2010,23/08/2023
PLT,1,1,23/09/2020,23/08/2023
PLY,1,1,17/12/2020,23/08/2023
PMC,1,1,04/01/2000,23/08/2023
PME,1,1,10/10/2000,23/08/2023
PMT,1,1,07/12/2022,23/08/2023
PMV,1,1,12/01/2000,23/08/2023
PNC,1,1,01/05/2014,23/08/2023
PNI,1,1,19/06/2007,23/08/2023
PNM,1,1,26/11/2002,23/08/2023
PNN,1,1,15/04/2005,23/08/2023
PNR,1,1,10/03/2004,23/08/2023
PNT,1,1,10/12/2021,23/08/2023
PNV,1,1,04/01/2000,23/08/2023
PNX,1,1,12/02/2008,22/08/2023
PO3,1,1,30/12/2010,14/02/2023
POD,1,1,28/02/2018,22/08/2023
POL,1,1,29/06/2021,22/08/2023
POS,1,1,04/01/2000,23/08/2023
POW,1,1,11/09/2007,10/10/2022
PPC,1,1,05/08/2004,23/08/2023
PPE,1,1,22/11/2017,23/08/2023
PPG,1,1,27/04/2005,23/08/2023
PPK,1,1,22/08/2017,23/08/2023
PPL,1,1,29/07/2015,23/08/2023
PPM,1,1,25/05/2021,23/08/2023
PPS,1,1,11/05/2006,23/08/2023
PPT,1,1,04/01/2000,23/08/2023
PPY,1,1,15/04/2005,23/08/2023
PR1,1,1,21/04/2022,23/08/2023
PRL,1,1,26/11/2018,05/04/2023
PRM,1,1,30/03/2023,23/08/2023
PRN,1,1,04/01/2000,23/08/2023
PRO,1,1,04/01/2000,23/08/2023
PRS,1,1,04/12/2020,23/08/2023
PRT,0,0,,
PRU,1,1,22/09/2004,23/08/2023
PRX,1,1,04/01/2000,23/08/2023
PSC,1,1,04/12/2009,23/08/2023
PSI,1,1,15/12/2015,23/08/2023
PSL,1,1,18/10/2006,23/08/2023
PSQ,1,1,21/11/2014,23/08/2023
PTL,1,1,29/08/2000,23/08/2023
PTM,1,1,23/05/2007,23/08/2023
PTR,1,1,27/07/2004,23/08/2023
PTX,1,1,04/01/2000,23/08/2023
PUA,1,1,17/07/2003,23/08/2023
PUR,1,1,10/09/2008,23/08/2023
PV1,1,1,21/03/2005,23/08/2023
PVE,1,1,14/12/2004,23/08/2023
PVL,1,1,12/10/2016,23/08/2023
PVS,0,0,,
PVT,1,1,26/07/2018,21/08/2023
PVW,1,1,12/11/2009,23/08/2023
PWH,1,1,18/11/2015,23/08/2023
PWN,1,1,13/05/2011,23/08/2023
PWR,1,1,04/01/2000,23/08/2023
PXA,1,1,01/07/2021,23/08/2023
PXS,1,1,10/11/2003,23/08/2023
PXX,1,1,15/01/2013,23/08/2023
PYC,1,1,30/03/2005,23/08/2023
QAL,1,1,29/12/2021,23/08/2023
QAN,1,1,04/01/2000,23/08/2023
QBE,1,1,04/01/2000,23/08/2023
QEM,1,1,19/10/2018,23/08/2023
QFE,1,1,11/07/2019,23/08/2023
QGL,1,1,14/12/2021,23/08/2023
QHL,1,1,17/10/2005,23/08/2023
QIP,1,1,31/08/2016,23/08/2023
QML,1,1,06/05/2021,21/08/2023
QOR,1,1,29/08/2016,23/08/2023
QPM,1,1,14/03/2008,23/08/2023
QRI,1,1,27/11/2018,23/08/2023
QUB,1,1,04/01/2007,23/08/2023
QUE,1,1,26/08/2015,07/07/2023
QVE,1,1,22/08/2014,23/08/2023
QXR,1,1,17/02/2011,23/08/2023
R3D,1,1,17/12/2004,23/08/2023
R8R,1,1,08/07/2022,23/08/2023
RAC,1,1,13/07/2016,23/08/2023
RAD,1,1,21/12/2010,23/08/2023
RAG,1,1,02/11/2017,23/08/2023
RAN,1,1,22/07/2016,21/12/2022
RAS,1,1,13/07/2010,23/08/2023
RB6,1,1,29/12/2021,23/08/2023
RBD,1,1,18/04/2018,23/08/2023
RBL,1,1,16/05/2016,23/08/2023
RBR,1,1,02/02/2007,01/08/2023
RBX,1,1,12/07/2021,23/08/2023
RC1,1,1,10/06/2016,21/08/2023
RCE,1,1,15/01/2016,23/08/2023
RCL,1,1,07/02/2018,23/08/2023
RCR,1,1,21/12/2020,16/08/2023
RCT,1,1,04/01/2000,23/08/2023
RCW,1,1,18/09/2017,16/08/2023
RDG,1,1,20/05/2011,23/08/2023
RDM,1,1,27/10/2003,23/08/2023
RDN,1,1,23/02/2018,23/08/2023
RDS,1,1,03/08/2006,23/08/2023
RDX,1,1,03/07/2023,23/08/2023
RDY,1,1,17/04/2019,23/08/2023
REA,1,1,04/01/2000,23/08/2023
REC,1,1,10/12/2013,23/08/2023
RED,1,1,05/01/2000,23/08/2023
REE,1,1,11/07/2007,23/08/2023
REG,1,1,07/10/2014,23/08/2023
REH,1,1,11/01/2000,23/08/2023
REM,1,1,02/11/2021,22/08/2023
REP,1,1,20/10/2021,23/08/2023
REX,1,1,09/11/2005,23/08/2023
REY,1,1,05/06/2006,04/08/2023
REZ,1,1,28/06/2019,23/08/2023
RF1,1,1,17/06/2019,23/08/2023
RFA,1,1,14/11/2017,22/08/2023
RFF,1,1,14/02/2014,23/08/2023
RFG,1,1,22/06/2006,23/08/2023
RFT,1,1,04/01/2000,23/08/2023
RFX,1,1,14/12/2010,23/08/2023
RG8,1,1,13/11/2019,23/08/2023
RGI,0,0,,
RGL,1,1,10/10/2017,23/08/2023
RGN,1,1,26/11/2012,23/08/2023
RGS,1,1,19/09/2013,23/08/2023
RHC,1,1,04/01/2000,23/08/2023
RHI,1,1,14/02/2006,23/08/2023
RHK,1,1,20/02/2002,23/08/2023
RHT,1,1,21/01/2003,23/08/2023
RHY,1,1,07/12/2017,23/08/2023
RIC,1,1,04/01/2000,23/08/2023
RIE,1,1,31/01/2011,23/08/2023
RIM,1,1,04/01/2000,23/08/2023
RIO,1,1,04/01/2000,23/08/2023
RKN,1,1,04/01/2000,23/08/2023
RKT,1,1,31/12/2020,23/08/2023
RLC,1,1,22/06/2007,21/08/2023
RLF,1,1,21/04/2022,23/08/2023
RLG,1,1,16/11/2016,23/08/2023
RLT,1,1,06/06/2019,23/08/2023
RMC,1,1,19/03/2001,23/08/2023
RMD,1,1,04/01/2000,23/08/2023
RMI,1,1,04/01/2000,22/08/2023
RML,1,1,22/09/2017,22/08/2023
RMS,1,1,31/03/2003,23/08/2023
RMX,1,1,01/09/2011,23/08/2023
RMY,1,1,05/07/2018,22/08/2023
RND,1,1,07/01/2000,23/08/2023
RNE,1,1,12/09/2002,23/08/2023
RNO,1,1,21/09/2007,21/08/2023
RNT,1,1,10/01/2000,23/08/2023
RNU,1,1,15/12/2010,23/08/2023
RNX,1,1,14/11/2006,23/08/2023
ROC,1,1,07/12/2021,23/08/2023
ROG,1,1,23/05/2007,23/08/2023
RON,1,1,29/12/2021,22/08/2023
ROO,0,0,,
RPG,1,1,06/01/2000,23/08/2023
RPL,1,1,11/08/2014,23/08/2023
RPM,1,1,28/08/2019,23/08/2023
RR1,1,1,04/06/2021,23/08/2023
RRL,1,1,05/01/2000,23/08/2023
RRR,1,1,23/09/2021,23/08/2023
RSG,1,1,04/01/2000,23/08/2023
RSH,1,1,14/07/2000,23/08/2023
RTE,0,0,,
RTG,1,1,05/06/2014,23/08/2023
RTH,1,1,23/11/2021,23/08/2023
RTR,1,1,01/07/2011,23/08/2023
RUL,1,1,27/05/2008,23/08/2023
RVR,0,0,,
RVS,1,1,04/12/2018,23/08/2023
RVT,1,1,13/12/2022,23/08/2023
RWC,1,1,29/04/2016,23/08/2023
RWD,1,1,22/04/2004,22/08/2023
RWL,1,1,02/09/2021,22/08/2023
RXH,1,1,07/10/2014,23/08/2023
RXL,1,1,27/04/2004,23/08/2023
RXM,1,1,20/09/2007,23/08/2023
RYD,1,1,28/09/2015,23/08/2023
RZI,1,1,21/06/2018,23/08/2023
S2R,1,1,19/10/2015,23/08/2023
S32,1,1,18/05/2015,23/08/2023
S3N,1,1,11/02/2022,22/08/2023
S66,1,1,16/05/2018,09/08/2023
SAN,1,1,15/12/2011,18/08/2023
SAU,1,1,21/04/2005,22/08/2023
SB2,1,1,16/06/2021,15/08/2023
SBM,1,1,04/01/2000,23/08/2023
SBR,1,1,24/02/2000,23/08/2023
SBW,1,1,20/11/2018,22/08/2023
SCG,1,1,25/06/2014,23/08/2023
SCL,1,1,12/10/2017,23/08/2023
SCN,1,1,07/03/2007,22/08/2023
SCT,1,1,25/08/2017,23/08/2023
SDF,1,1,02/08/2013,23/08/2023
SDG,1,1,04/01/2000,23/08/2023
SDI,1,1,05/01/2000,22/08/2023
SDR,1,1,04/01/2000,23/08/2023
SDV,1,1,02/05/2002,23/08/2023
SE1,0,0,,
SEC,1,1,05/12/2017,23/08/2023
SEG,1,1,28/11/2000,23/08/2023
SEK,1,1,19/04/2005,23/08/2023
SEN,1,1,04/01/2000,23/08/2023
SEQ,1,1,19/09/2000,23/08/2023
SER,1,1,04/01/2000,23/08/2023
SES,1,1,04/01/2000,23/08/2023
SFC,1,1,06/01/2000,23/08/2023
SFG,1,1,10/01/2000,23/08/2023
SFM,1,1,22/11/2017,21/08/2023
SFR,1,1,04/03/2004,23/08/2023
SFX,1,1,15/12/2010,23/08/2023
SGA,1,1,18/07/2022,23/08/2023
SGC,1,1,11/10/2005,23/08/2023
SGF,1,1,04/03/2014,23/08/2023
SGI,1,1,06/12/2005,23/08/2023
SGLLV,1,1,08/04/2019,23/08/2023
SGM,1,1,04/01/2000,23/08/2023
SGP,1,1,04/01/2000,23/08/2023
SGQ,1,1,16/11/2010,23/08/2023
SGR,1,1,06/06/2011,23/08/2023
SHA,1,1,29/12/2021,23/08/2023
SHE,1,1,11/09/2007,23/08/2023
SHG,1,1,12/02/2021,23/08/2023
SHJ,1,1,15/05/2013,23/08/2023
SHL,1,1,04/01/2000,23/08/2023
SHM,1,1,23/06/2015,23/08/2023
SHN,1,1,25/01/2002,23/08/2023
SHO,1,1,12/06/2008,23/08/2023
SHP,1,1,20/01/2017,23/08/2023
SHV,1,1,05/01/2000,23/08/2023
SI6,1,1,18/01/2008,23/08/2023
SIG,1,1,04/01/2000,23/08/2023
SIH,1,1,04/01/2000,23/08/2023
SIO,1,1,17/11/2014,22/08/2023
SIQ,1,1,02/07/2014,23/08/2023
SIS,1,1,22/02/2018,23/08/2023
SIT,1,1,31/08/2009,23/08/2023
SIV,1,1,31/05/2005,23/08/2023
SIX,1,1,29/05/2008,23/08/2023
SKC,1,1,12/01/2000,23/08/2023
SKF,1,1,04/01/2000,15/08/2023
SKN,1,1,06/01/2017,23/08/2023
SKO,1,1,25/06/2018,23/08/2023
SKS,1,1,16/11/2005,16/08/2023
SKT,1,1,21/06/2002,23/08/2023
SKY,1,1,01/07/2019,23/08/2023
SLA,1,1,15/12/2020,23/08/2023
SLB,1,1,18/03/2022,23/08/2023
SLC,1,1,04/06/2015,23/08/2023
SLH,1,1,09/07/2021,23/08/2023
SLM,1,1,29/12/2021,23/08/2023
SLR,1,1,14/11/2007,23/08/2023
SLS,1,1,02/05/2022,23/08/2023
SLX,1,1,04/01/2000,23/08/2023
SLZ,1,1,16/08/2018,23/08/2023
SM1,1,1,25/11/2016,23/08/2023
SMI,1,1,31/05/2013,23/08/2023
SMN,1,1,16/08/2004,23/08/2023
SMP,1,1,05/09/2013,23/08/2023
SMR,1,1,09/12/2009,23/08/2023
SMS,1,1,27/10/2021,21/08/2023
SNC,1,1,23/12/2013,23/08/2023
SND,1,1,05/12/2007,23/08/2023
SNG,1,1,07/10/2020,23/08/2023
SNL,1,1,04/01/2000,23/08/2023
SNS,1,1,31/05/2007,18/08/2023
SNX,1,1,03/05/2022,15/08/2023
SNZ,1,1,18/07/2013,22/08/2023
SOC,1,1,23/12/2022,23/08/2023
SOL,1,1,05/01/2000,23/08/2023
SOM,1,1,27/08/2004,21/08/2023
SOP,1,1,04/01/2000,23/08/2023
SOR,1,1,11/08/2011,23/08/2023
SOV,1,1,14/12/2020,23/08/2023
SP3,1,1,01/08/2017,21/08/2023
SP8,1,1,04/01/2000,18/08/2023
SPA,1,1,17/07/2001,21/08/2023
SPD,1,1,08/06/2022,23/08/2023
SPK,1,1,04/01/2000,23/08/2023
SPL,1,1,28/09/2000,23/08/2023
SPN,1,1,04/01/2000,23/08/2023
SPQ,1,1,12/11/2007,23/08/2023
SPT,1,1,29/01/2019,23/08/2023
SPX,1,1,29/05/2002,23/08/2023
SPZ,1,1,09/01/2007,23/08/2023
SQ2,1,1,20/01/2022,23/08/2023
SQX,1,1,20/02/2023,23/08/2023
SRG,1,1,17/08/2007,23/08/2023
SRH,1,1,15/12/2005,14/08/2023
SRI,1,1,04/01/2000,23/08/2023
SRJ,1,1,22/12/2022,21/08/2023
SRK,1,1,07/03/2000,23/08/2023
SRL,1,1,09/11/2007,23/08/2023
SRN,1,1,04/01/2000,23/08/2023
SRR,1,1,22/12/2006,21/08/2023
SRT,1,1,28/05/2021,23/08/2023
SRV,1,1,04/01/2000,23/08/2023
SRX,1,1,27/07/2022,23/08/2023
SRY,1,1,20/01/2015,23/08/2023
SRZ,1,1,28/04/2005,23/08/2023
SSG,1,1,01/07/2016,23/08/2023
SSH,1,1,07/11/2005,16/08/2023
SSL,1,1,04/01/2000,10/08/2023
SSM,1,1,09/12/2004,23/08/2023
SSR,1,1,17/09/2020,23/08/2023
SST,1,1,05/01/2000,14/08/2023
ST1,1,1,04/01/2000,23/08/2023
STA,1,1,17/05/2000,23/08/2023
STG,1,1,22/10/2018,23/08/2023
STK,1,1,06/04/2006,23/08/2023
STM,1,1,22/03/2007,23/08/2023
STN,1,1,09/03/2018,21/08/2023
STO,1,1,04/01/2000,23/08/2023
STP,1,1,01/11/2021,23/08/2023
STX,1,1,05/08/2004,23/08/2023
SUH,1,1,05/01/2010,23/08/2023
SUHN,0,0,,
SUL,1,1,06/07/2004,23/08/2023
SUM,1,1,05/08/2022,23/08/2023
SUN,1,1,04/01/2000,23/08/2023
SUV,1,1,17/05/2011,23/08/2023
SVG,1,1,04/01/2000,22/08/2023
SVL,1,1,19/01/2007,23/08/2023
SVM,1,1,22/01/2007,23/08/2023
SVR,1,1,19/10/2006,23/08/2023
SVW,1,1,30/04/2010,23/08/2023
SVY,1,1,07/05/2014,23/08/2023
SW1,1,1,04/01/2000,23/08/2023
SWF,1,1,23/11/2017,23/08/2023
SWM,1,1,04/01/2000,23/08/2023
SWP,1,1,04/01/2000,23/08/2023
SXE,1,1,28/11/2007,23/08/2023
SXG,1,1,20/03/2008,23/08/2023
SXL,1,1,17/11/2005,23/08/2023
SYA,1,1,30/03/2004,23/08/2023
SYM,1,1,18/05/2006,23/08/2023
SYR,1,1,11/09/2007,23/08/2023
SZL,1,1,30/07/2019,23/08/2023
T3D,1,1,09/11/2011,23/08/2023
T3K,0,0,,
T88,1,1,19/12/2022,18/08/2023
T92,1,1,08/09/2022,23/08/2023
TAH,1,1,04/01/2000,23/08/2023
TAL,1,1,02/06/2006,23/08/2023
TAM,1,1,04/01/2000,21/08/2023
TAR,1,1,07/02/2012,23/08/2023
TAS,1,1,18/12/2001,23/08/2023
TBA,1,1,03/05/2012,19/12/2022
TBN,1,1,02/07/2021,23/08/2023
TBR,1,1,04/01/2000,21/08/2023
TCF,1,1,17/10/2006,23/08/2023
TCG,1,1,22/07/2008,22/08/2023
TCL,1,1,04/01/2000,23/08/2023
TCO,1,1,13/04/2011,22/08/2023
TD1,1,1,23/09/2004,23/08/2023
TDO,1,1,27/11/2007,23/08/2023
TEE,1,1,04/04/2022,23/08/2023
TEG,1,1,07/07/2008,23/08/2023
TEK,1,1,10/05/2005,23/08/2023
TEM,1,1,02/09/2020,23/08/2023
TER,1,1,22/07/2010,23/08/2023
TFL,1,1,11/04/2006,23/08/2023
TG1,1,1,07/04/2021,22/08/2023
TG6,1,1,26/05/2022,22/08/2023
TGA,1,1,13/12/2006,23/08/2023
TGF,1,1,12/10/2018,23/08/2023
TGH,1,1,11/12/2019,18/08/2023
TGM,1,1,07/04/2011,23/08/2023
TGN,1,1,17/12/2012,21/08/2023
TGP,1,1,26/07/2005,23/08/2023
THL,1,1,02/12/2022,23/08/2023
THR,0,0,,
TI1,1,1,22/11/2004,23/08/2023
TIA,1,1,05/01/2000,18/08/2023
TIE,1,1,18/01/2018,23/08/2023
TIG,1,1,29/08/2011,23/08/2023
TIP,1,1,24/05/2019,23/08/2023
TKL,1,1,20/11/2003,23/08/2023
TKM,1,1,13/04/2010,23/08/2023
TLC,1,1,05/01/2000,23/08/2023
TLG,1,1,09/07/2010,23/08/2023
TLM,1,1,25/11/2005,23/08/2023
TLS,1,1,04/01/2000,23/08/2023
TLX,1,1,15/11/2017,23/08/2023
TMB,1,1,12/08/2021,23/08/2023
TMG,1,1,03/10/2019,23/08/2023
TMH,1,1,15/09/2016,23/08/2023
TMK,1,1,10/07/2008,23/08/2023
TML,1,1,16/09/2015,23/08/2023
TMR,1,1,29/09/2005,23/08/2023
TMS,1,1,03/05/2021,23/08/2023
TMT,1,1,21/12/2016,23/08/2023
TMX,1,1,23/03/2006,22/08/2023
TMZ,1,1,17/12/2010,07/03/2023
TNC,1,1,10/11/2020,23/08/2023
TNE,1,1,04/01/2000,23/08/2023
TNT,1,1,15/02/2016,23/08/2023
TNY,1,1,21/04/2017,18/08/2023
TOE,1,1,24/03/2006,23/08/2023
TON,1,1,14/08/2009,22/08/2023
TOP,1,1,22/03/2000,23/08/2023
TOR,1,1,25/06/2021,22/08/2023
TOT,1,1,22/04/2015,23/08/2023
TOU,1,1,09/04/2013,18/08/2023
TOY,1,1,14/09/2000,23/08/2023
TPC,1,1,16/07/2007,23/08/2023
TPD,1,1,28/02/2013,23/08/2023
TPG,1,1,30/06/2020,23/08/2023
TPW,1,1,10/12/2015,23/08/2023
TRA,1,1,07/02/2018,04/08/2023
TRE,1,1,28/11/2022,23/08/2023
TRJ,1,1,12/06/2007,23/08/2023
TRM,1,1,18/04/2007,16/08/2023
TRP,1,1,18/11/2021,22/08/2023
TRS,1,1,01/06/2004,23/08/2023
TRT,1,1,06/04/2017,23/08/2023
TRU,1,1,05/01/2000,18/08/2023
TRY,0,0,,
TSI,1,1,10/12/2020,23/08/2023
TSK,1,1,25/11/2020,23/08/2023
TSL,1,1,04/01/2000,23/08/2023
TSO,1,1,28/01/2004,23/08/2023
TTA,1,1,16/02/2006,23/08/2023
TTI,1,1,12/01/2005,23/08/2023
TTM,1,1,15/11/2006,23/08/2023
TTT,1,1,21/09/2017,23/08/2023
TUA,1,1,30/06/2020,23/08/2023
TVL,1,1,29/09/2021,23/08/2023
TVN,1,1,04/01/2000,23/08/2023
TWD,1,1,14/08/2000,23/08/2023
TWE,1,1,10/05/2011,23/08/2023
TWR,1,1,04/01/2000,23/08/2023
TYM,1,1,13/12/2018,23/08/2023
TYR,1,1,06/12/2019,23/08/2023
TYX,1,1,11/07/2007,23/08/2023
TZL,1,1,04/01/2000,23/08/2023
TZN,1,1,23/12/2003,18/08/2023
UBI,1,1,13/12/2006,23/08/2023
UBN,1,1,22/09/2014,21/08/2023
UCM,1,1,10/12/2003,09/08/2023
UMG,1,1,24/03/2020,23/08/2023
UNI,1,1,17/11/2020,23/08/2023
UNT,1,1,07/12/2022,23/08/2023
UOS,1,1,14/02/2000,23/08/2023
URF,1,1,23/07/2012,23/08/2023
URW,1,1,31/05/2018,23/08/2023
USL,1,1,19/04/2017,23/08/2023
USQ,1,1,08/03/2022,23/08/2023
UUL,0,0,,
UVA,1,1,07/06/2022,23/08/2023
VAL,1,1,04/01/2000,23/08/2023
VAR,1,1,07/01/2000,23/08/2023
VBC,1,1,11/12/2007,23/08/2023
VBS,1,1,23/02/2016,23/08/2023
VCX,1,1,05/12/2011,23/08/2023
VEA,1,1,29/09/2005,23/08/2023
VEE,1,1,26/10/2016,23/08/2023
VEN,1,1,17/09/2018,23/08/2023
VG1,1,1,28/09/2017,23/08/2023
VGL,1,1,11/08/2014,23/08/2023
VHM,1,1,09/01/2023,23/08/2023
VHT,1,1,27/04/2016,23/08/2023
VIA,0,0,,
VIG,1,1,01/03/2021,28/07/2023
VIP,1,1,30/09/2005,31/01/2023
VIT,1,1,07/11/2019,23/08/2023
VKA,1,1,12/05/2010,23/08/2023
VLS,1,1,23/08/2007,22/08/2023
VMG,1,1,15/02/2006,07/08/2023
VML,1,1,11/10/2005,17/07/2023
VMM,1,1,24/01/2022,23/08/2023
VMS,1,1,22/09/2006,23/08/2023
VMT,1,1,31/01/2002,23/08/2023
VN8,1,1,13/06/2018,23/08/2023
VNT,1,1,19/11/2021,23/08/2023
VOL,0,0,,
VPR,1,1,23/05/2000,22/08/2023
VR1,1,1,17/03/2017,23/08/2023
VR8,1,1,03/11/2017,23/08/2023
VRC,1,1,19/12/2003,23/08/2023
VRS,1,1,25/06/2008,14/08/2023
VRX,1,1,24/02/2011,23/08/2023
VSL,1,1,04/11/2021,23/08/2023
VSR,1,1,05/10/2022,23/08/2023
VTI,1,1,28/03/2017,23/08/2023
VTM,1,1,22/07/2021,23/08/2023
VTX,1,1,10/08/2004,22/08/2023
VUK,1,1,04/02/2016,23/08/2023
VUL,1,1,30/05/2018,23/08/2023
VVA,1,1,07/06/2019,23/08/2023
VYS,1,1,11/09/2019,23/08/2023
W2V,1,1,17/09/2021,23/08/2023
WA1,1,1,08/02/2022,23/08/2023
WA8,1,1,18/05/2011,23/08/2023
WAA,1,1,11/01/2008,23/08/2023
WAF,1,1,11/06/2010,23/08/2023
WAK,1,1,17/08/2007,23/08/2023
WAM,1,1,04/01/2000,23/08/2023
WAR,1,1,28/06/2021,23/08/2023
WAT,1,1,06/01/2000,21/08/2023
WAX,1,1,19/08/2003,23/08/2023
WBC,1,1,04/01/2000,23/08/2023
WBE,1,1,07/06/2022,17/08/2023
WBT,1,1,21/12/2010,23/08/2023
WC1,1,1,01/10/2021,22/08/2023
WC8,1,1,04/08/2004,23/08/2023
WCG,1,1,04/01/2000,23/08/2023
WCN,1,1,14/12/2007,23/08/2023
WDS,1,1,04/01/2000,23/08/2023
WEB,1,1,04/01/2000,23/08/2023
WEC,1,1,04/01/2000,23/08/2023
WEL,1,1,23/09/2014,17/08/2023
WES,1,1,04/01/2000,23/08/2023
WFL,1,1,21/05/2004,21/07/2023
WGB,1,1,22/06/2018,23/08/2023
WGN,1,1,08/12/2017,23/08/2023
WGR,1,1,23/07/2021,23/08/2023
WGX,1,1,06/12/2016,23/08/2023
WHC,1,1,01/06/2007,23/08/2023
WHF,1,1,05/01/2000,23/08/2023
WHK,1,1,24/01/2018,23/08/2023
WIA,1,1,09/03/2011,23/08/2023
WIAN,0,0,,
WIN,1,1,22/09/2021,23/08/2023
WKT,1,1,07/11/2006,23/08/2023
WLD,1,1,10/12/2015,23/08/2023
WLE,1,1,30/05/2016,23/08/2023
WMA,1,1,16/06/2014,23/08/2023
WMC,0,0,,
WMG,1,1,29/09/2005,23/08/2023
WMI,1,1,28/06/2017,23/08/2023
WML,1,1,14/03/2018,23/08/2023
WNR,1,1,06/01/2000,15/08/2023
WNX,1,1,15/07/2021,17/05/2023
WOA,1,1,06/07/2018,19/04/2023
WOR,1,1,28/11/2002,23/08/2023
WOT,1,1,28/10/2011,21/08/2023
WOW,1,1,04/01/2000,23/08/2023
WPR,1,1,03/08/2016,23/08/2023
WQG,1,1,23/06/2017,23/08/2023
WR1,1,1,30/11/2021,23/08/2023
WRK,1,1,19/12/2016,21/08/2023
WRM,1,1,08/10/2010,15/03/2023
WSI,1,1,07/06/2006,23/08/2023
WSP,1,1,19/06/2019,23/08/2023
WSR,1,1,19/04/2007,23/08/2023
WTC,1,1,11/04/2016,23/08/2023
WTL,1,1,09/03/2015,23/08/2023
WTN,1,1,05/01/2022,23/08/2023
WWG,1,1,22/01/2009,22/08/2023
WWI,1,1,19/12/2007,23/08/2023
WYX,1,1,04/05/2022,23/08/2023
WZR,1,1,05/01/2000,23/08/2023
X2M,1,1,22/09/2021,21/08/2023
X64,1,1,23/12/2003,23/02/2023
XAM,1,1,21/12/2010,23/08/2023
XF1,1,1,18/04/2007,23/08/2023
XGL,1,1,06/07/2015,21/08/2023
XPN,1,1,29/12/2021,22/08/2023
XRF,1,1,31/10/2006,23/08/2023
XRG,1,1,18/01/2013,23/08/2023
XRO,1,1,08/11/2012,23/08/2023
XST,1,1,15/12/2006,23/08/2023
XTC,1,1,15/08/2007,23/08/2023
XTE,1,1,15/09/2005,23/08/2023
YAL,1,1,28/06/2012,23/08/2023
YAR,1,1,19/06/2006,23/08/2023
YBR,1,1,31/01/2008,16/08/2023
YOJ,1,1,02/12/2010,23/08/2023
YOW,1,1,04/01/2000,22/08/2023
YPB,1,1,07/03/2005,23/08/2023
YRL,1,1,14/12/2018,22/08/2023
Z2U,1,1,10/09/2021,21/08/2023
ZAG,1,1,23/08/2010,21/08/2023
ZEO,1,1,16/10/2009,23/08/2023
ZER,1,1,14/06/2013,23/08/2023
ZEU,1,1,08/02/2023,23/08/2023
ZGL,1,1,09/11/2005,23/08/2023
ZIM,1,1,04/01/2000,23/08/2023
ZIP,1,1,09/12/2009,23/08/2023
ZLD,1,1,28/07/2003,23/08/2023
ZMI,1,1,18/09/2007,15/08/2023
ZMM,1,1,10/09/2007,23/08/2023
ZNC,1,1,29/05/2007,23/08/2023
ZNO,1,1,04/01/2000,23/08/2023
1PG,0,0,,
ONT,0,0,,
TPS,0,0,,
TQH,0,0,,
5GN,0,0,,
789,0,0,,
9SP,0,0,,
99L,0,0,,
ABS,0,0,,
ARI,0,0,,
MIG,0,0,,
AXL,0,0,,
AAD,0,0,,
AAT,0,0,,
SEP,0,0,,
ABN,0,0,,
ABF,0,0,,
ABL,0,0,,
ABO,0,0,,
AEG,0,0,,
AAB,0,0,,
ABT,0,0,,
AAA,1,1,08/03/2012,23/08/2023
AXS,0,0,,
ATY,0,0,,
ACN,0,0,,
AGO,0,0,,
ACX,0,0,,
ANH,0,0,,
ADU,0,0,,
ADB,0,0,,
ADE,0,0,,
ALS,0,0,,
ADI,0,0,,
ADQ,0,0,,
RAB,0,0,,
ADZ,0,0,,
ADL,0,0,,
AHG,0,0,,
APF,0,0,,
AES,0,0,,
AVI,0,0,,
AVT,0,0,,
AED,0,0,,
AQE,0,0,,
AEH,0,0,,
AFJ,0,0,,
AEB,0,0,,
AFY,0,0,,
AFM,0,0,,
AKI,0,0,,
AFQ,0,0,,
AOQ,0,0,,
AWM,0,0,,
AFT,0,0,,
APT,0,0,,
ACC,0,0,,
AGZ,0,0,,
AGJ,0,0,,
FCA,0,0,,
HOD,0,0,,
A1C,0,0,,
ENY,0,0,,
FIX,0,0,,
IDD,0,0,,
RSR,0,0,,
AHJ,0,0,,
AIR,0,0,,
AIG,0,0,,
AJM,0,0,,
AHH,0,0,,
AQG,0,0,,
AMV,0,0,,
AAY,0,0,,
AAI,0,0,,
AYN,0,0,,
LEP,0,0,,
ALF,0,0,,
AIH,0,0,,
AAN,0,0,,
ALN,0,0,,
A40,0,0,,
AKA,0,0,,
AHU,0,0,,
AGM,0,0,,
ANM,0,0,,
AGT,0,0,,
ALH,0,0,,
AOD,0,0,,
AGS,0,0,,
AEL,0,0,,
AZG,0,0,,
AVP,0,0,,
AWH,0,0,,
ALW,0,0,,
ASU,0,0,,
ARS,0,0,,
AOH,0,0,,
AXG,0,0,,
AEQ,0,0,,
AYS,0,0,,
AZD,0,0,,
AQO,0,0,,
AMB,0,0,,
AMZ,0,0,,
ABR,0,0,,
AOW,0,0,,
AUF,0,0,,
AXZ,0,0,,
ASC,0,0,,
AMK,0,0,,
AEC,0,0,,
AGF,0,0,,
ADP,0,0,,
AMQ,0,0,,
AAF,0,0,,
AIP,0,0,,
AHO,0,0,,
AMW,0,0,,
ANQ,0,0,,
AEK,0,0,,
ACI,0,0,,
AHR,0,0,,
ANT,0,0,,
ASJ,0,0,,
AS1,0,0,,
AQM,0,0,,
AGP,0,0,,
AGG,0,0,,
ANC,0,0,,
A01,0,0,,
AB1,0,0,,
ANJ,0,0,,
AZA,0,0,,
APP,0,0,,
HDF,0,0,,
AXM,0,0,,
AQQ,0,0,,
APR,0,0,,
AEZ,0,0,,
APO,0,0,,
APD,0,0,,
AOP,0,0,,
AZO,0,0,,
AOZ,0,0,,
APQ,0,0,,
APJ,0,0,,
AOY,0,0,,
AOJ,0,0,,
ATL,0,0,,
AQH,0,0,,
AQU,0,0,,
AQP,0,0,,
AQA,0,0,,
APB,0,0,,
AAG,0,0,,
AAH,0,0,,
ARQ,0,0,,
AAW,0,0,,
MRA,0,0,,
AXT,0,0,,
ARM,0,0,,
ARJ,0,0,,
AMR,0,0,,
AXV,0,0,,
AJS,0,0,,
AJF,0,0,,
AJP,0,0,,
AJR,0,0,,
AOE,0,0,,
ARW,0,0,,
YTS,0,0,,
AKW,0,0,,
AHY,0,0,,
ANS,0,0,,
AMJ,0,0,,
APH,0,0,,
AIO,0,0,,
AZQ,0,0,,
ASZ,0,0,,
AHA,0,0,,
ABU,0,0,,
AOM,0,0,,
AJD,0,0,,
DIG,0,0,,
APY,0,0,,
ANV,0,0,,
AAS,0,0,,
ASI,0,0,,
AKF,0,0,,
STC,0,0,,
ASS,0,0,,
AZT,0,0,,
AKR,0,0,,
AJA,0,0,,
ATE,0,0,,
AGB,0,0,,
ATI,0,0,,
ATQ,0,0,,
AKL,0,0,,
AOR,0,0,,
AGU,0,0,,
ABW,0,0,,
AUP,0,0,,
AXO,0,0,,
AQJ,0,0,,
AUD,0,0,,
AUS,0,0,,
AAX,0,0,,
AET,0,0,,
AST,0,0,,
ANE,0,0,,
AWG,0,0,,
AWT,0,0,,
AUL,0,0,,
AUU,0,0,,
AIL,0,0,,
ANB,0,0,,
AEO,0,0,,
AOK,0,0,,
AYX,0,0,,
ATF,0,0,,
APG,0,0,,
APV,0,0,,
AUO,0,0,,
GPD,0,0,,
AAZ,0,0,,
ALZ,0,0,,
ARH,0,0,,
AAK,0,0,,
ATB,0,0,,
ACO,0,0,,
ACD,0,0,,
ACH,0,0,,
ACG,0,0,,
ACY,0,0,,
AFU,0,0,,
AEN,0,0,,
AFF,0,0,,
AFN,0,0,,
AQF,0,0,,
ANI,0,0,,
AIC,0,0,,
AKS,0,0,,
AKT,0,0,,
AKU,0,0,,
AKX,0,0,,
AKY,0,0,,
AYD,0,0,,
AYH,0,0,,
AYJ,0,0,,
AYK,0,0,,
AYZ,0,0,,
AEP,0,0,,
ATN,0,0,,
XSE,0,0,,
AOG,0,0,,
AEY,0,0,,
AOI,0,0,,
API,0,0,,
APK,0,0,,
ABI,0,0,,
AOB,0,0,,
ATT,0,0,,
AFO,0,0,,
AUW,0,0,,
AZC,0,0,,
AWR,0,0,,
AIY,0,0,,
AIE,0,0,,
4WD,0,0,,
AZX,0,0,,
AVB,0,0,,
AVS,0,0,,
AVN,0,0,,
AVO,0,0,,
AYE,0,0,,
AWA,0,0,,
AWB,0,0,,
AWE,0,0,,
AWN,0,0,,
AWP,0,0,,
AWX,0,0,,
AXJ,0,0,,
AXA,0,0,,
AVQ,0,0,,
AZH,0,0,,
AZR,0,0,,
AZM,0,0,,
AZU,0,0,,
BBB,0,0,,
BAA,0,0,,
BEI,0,0,,
BNB,0,0,,
BAB,0,0,,
BDE,0,0,,
BQF,0,0,,
BMB,0,0,,
BGF,0,0,,
BRF,0,0,,
BBD,0,0,,
BND,0,0,,
BNG,0,0,,
BKC,0,0,,
BNS,0,0,,
BOS,0,0,,
BWA,0,0,,
BNK,0,0,,
BBA,0,0,,
BCO,0,0,,
BDC,0,0,,
BAR,0,0,,
BHO,0,0,,
BRM,0,0,,
BPR,0,0,,
BRH,0,0,,
BAE,0,0,,
BRC,0,0,,
BMS,0,0,,
BSO,0,0,,
BSR,0,0,,
BTU,0,0,,
BAX,0,0,,
BAY,0,0,,
BHV,0,0,,
BMW,0,0,,
BEP,0,0,,
BBJ,0,0,,
BPI,0,0,,
BCD,0,0,,
BHU,0,0,,
BDR,0,0,,
BHG,0,0,,
B3L,0,0,,
BEC,0,0,,
BGV,0,0,,
BHA,0,0,,
BLL,0,0,,
BXL,0,0,,
BNY,0,0,,
BNN,0,0,,
BNH,0,0,,
BNI,0,0,,
BNJ,0,0,,
BAL,0,0,,
BMP,0,0,,
BPB,0,0,,
BVM,0,0,,
BMX,0,0,,
BGO,0,0,,
BLT,0,0,,
BWR,0,0,,
BIH,0,0,,
BSS,0,0,,
BST,0,0,,
BCL,0,0,,
BSZ,0,0,,
BYI,0,0,,
BHF,0,0,,
BIY,0,0,,
BFI,0,0,,
BVT,0,0,,
BHL,0,0,,
BRV,0,0,,
BIG,0,0,,
BRY,0,0,,
BXP,0,0,,
BBG,0,0,,
GYB,0,0,,
BIN,0,0,,
BHI,0,0,,
BNC,0,0,,
BPO,0,0,,
BTA,0,0,,
BOP,0,0,,
BCY,0,0,,
BYP,0,0,,
BKM,0,0,,
BMD,0,0,,
BOK,0,0,,
BLR,0,0,,
BSP,0,0,,
BSW,0,0,,
BGG,0,0,,
BKL,0,0,,
BWD,0,0,,
BKD,0,0,,
BRT,0,0,,
BLK,0,0,,
BGH,0,0,,
BLV,0,0,,
BIV,0,0,,
BLE,0,0,,
BCR,0,0,,
BLA,0,0,,
BTT,0,0,,
BEG,0,0,,
BUE,0,0,,
BMK,0,0,,
BMF,0,0,,
BMU,0,0,,
BAH,0,0,,
BSG,0,0,,
BON,0,0,,
BFS,0,0,,
BBR,0,0,,
BTK,0,0,,
BTY,0,0,,
B2Y,0,0,,
BNT,0,0,,
BOW,0,0,,
BWN,0,0,,
BRP,0,0,,
BBY,0,0,,
BKN,0,0,,
BRE,0,0,,
BRD,0,0,,
BIL,0,0,,
BDL,0,0,,
BVA,0,0,,
BRZ,0,0,,
BZL,0,0,,
BRW,0,0,,
BRB,0,0,,
BPK,0,0,,
BGN,0,0,,
BNP,0,0,,
BSI,0,0,,
BDS,0,0,,
BYL,0,0,,
XQF,0,0,,
BTV,0,0,,
BCS,0,0,,
BRS,0,0,,
BBS,0,0,,
BAM,0,0,,
BRO,0,0,,
BKR,0,0,,
BHH,0,0,,
BHM,0,0,,
BAO,0,0,,
BPA,0,0,,
BZA,0,0,,
BZB,0,0,,
BBH,0,0,,
BMC,0,0,,
BHT,0,0,,
BTP,0,0,,
BTM,0,0,,
BTS,0,0,,
BTL,0,0,,
BIQ,0,0,,
BKA,0,0,,
BPF,0,0,,
BUN,0,0,,
BPS,0,0,,
BPC,0,0,,
BSD,0,0,,
BLS,0,0,,
BUC,0,0,,
BYN,0,0,,
BPG,0,0,,
CCB,0,0,,
CTZ,0,0,,
CWO,0,0,,
CWS,0,0,,
CBS,0,0,,
CGY,0,0,,
XQI,0,0,,
CAL,0,0,,
CCD,0,0,,
CGH,0,0,,
CIX,0,0,,
CLN,0,0,,
CBI,0,0,,
CBM,0,0,,
CPE,0,0,,
CTC,0,0,,
CAH,0,0,,
CDL,0,0,,
XCC,0,0,,
CBT,0,0,,
CNE,0,0,,
CNR,0,0,,
CP1,0,0,,
CPY,0,0,,
CBX,0,0,,
CPD,0,0,,
CAP,0,0,,
CZZ,0,0,,
CCY,0,0,,
CCT,0,0,,
CIL,0,0,,
CMY,0,0,,
CSO,0,0,,
CVT,0,0,,
CLR,0,0,,
CBD,0,0,,
CNX,0,0,,
CDV,0,0,,
CAD,0,0,,
CCW,0,0,,
CKL,0,0,,
CBU,0,0,,
CCC,0,0,,
CHY,0,0,,
CGR,0,0,,
CSH,0,0,,
CRW,0,0,,
CZI,0,0,,
CHD,0,0,,
CFI,0,0,,
CGT,0,0,,
CRU,0,0,,
CXD,0,0,,
CBK,0,0,,
CBC,0,0,,
CCK,0,0,,
CEG,0,0,,
CLS,0,0,,
CNT,0,0,,
CTR,0,0,,
CET,0,0,,
CUR,0,0,,
CEY,0,0,,
CTL,0,0,,
CEQ,0,0,,
CMS,0,0,,
CNG,0,0,,
CPK,0,0,,
CVG,0,0,,
CEP,0,0,,
CER,0,0,,
CMB,0,0,,
CUA,0,0,,
CYA,0,0,,
CDG,0,0,,
CFU,0,0,,
CJO,0,0,,
CFK,0,0,,
CGX,0,0,,
CHX,0,0,,
CMA,0,0,,
CDI,0,0,,
CFG,0,0,,
CIF,0,0,,
CLI,0,0,,
CKT,0,0,,
CLJ,0,0,,
CGP,0,0,,
CWT,0,0,,
CHB,0,0,,
CNC,0,0,,
CHP,0,0,,
CTI,0,0,,
CQO,0,0,,
CHT,0,0,,
CMN,0,0,,
CHF,0,0,,
CTW,0,0,,
CRH,0,0,,
CMQ,0,0,,
CXS,0,0,,
CQC,0,0,,
CVB,1,1,23/08/2023,23/08/2023
CKP,0,0,,
CWC,0,0,,
CHG,0,0,,
CDC,0,0,,
CIH,0,0,,
CEH,0,0,,
CHI,0,0,,
CJG,0,0,,
CMC,0,0,,
CHE,0,0,,
CRX,0,0,,
CNH,0,0,,
CHO,0,0,,
CDH,0,0,,
CIM,0,0,,
CTH,0,0,,
CGG,0,0,,
CIE,0,0,,
SSB,0,0,,
CZF,0,0,,
CIY,0,0,,
CYR,0,0,,
CYS,0,0,,
CWH,0,0,,
CYO,0,0,,
CL1,0,0,,
CLP,0,0,,
CMT,0,0,,
CVA,0,0,,
CCN,0,0,,
CFY,0,0,,
CPR,0,0,,
CLO,0,0,,
CLY,0,0,,
CMV,0,0,,
CHV,0,0,,
CNP,0,0,,
CNA,0,0,,
CPL,0,0,,
CWK,0,0,,
CAX,0,0,,
CA8,0,0,,
COA,0,0,,
CGW,0,0,,
CO1,0,0,,
CCU,0,0,,
CCL,0,0,,
COK,0,0,,
CKC,0,0,,
CXC,0,0,,
CDE,0,0,,
CVH,0,0,,
CLD,0,0,,
CGJ,0,0,,
CLH,0,0,,
CNL,0,0,,
COT,0,0,,
COC,0,0,,
CFD,0,0,,
CFT,0,0,,
CMF,0,0,,
CPH,0,0,,
CEC,0,0,,
CDF,0,0,,
CIG,0,0,,
CPA,0,0,,
COJ,0,0,,
CEI,0,0,,
CFF,0,0,,
CPS,0,0,,
CXH,0,0,,
CMR,0,0,,
CPW,0,0,,
CRE,0,0,,
COM,0,0,,
CLF,0,0,,
CDB,0,0,,
CME,0,0,,
CEU,0,0,,
CQT,0,0,,
CWL,0,0,,
CGI,0,0,,
CGM,0,0,,
CMJ,0,0,,
CSM,0,0,,
CRC,0,0,,
CRT,0,0,,
CSD,0,0,,
CCQ,0,0,,
CVF,0,0,,
CM1,0,0,,
CES,0,0,,
CXR,0,0,,
C6C,0,0,,
CUO,0,0,,
CFH,0,0,,
CUK,0,0,,
CXP,0,0,,
CRP,0,0,,
CTS,0,0,,
CRI,0,0,,
COV,1,1,25/05/2007,23/08/2023
CHQ,0,0,,
COU,0,0,,
CTY,0,0,,
CCJ,0,0,,
CVY,0,0,,
CVO,0,0,,
COW,0,0,,
CPI,0,0,,
CRG,0,0,,
CEW,0,0,,
CGN,0,0,,
CSJ,0,0,,
CSW,0,0,,
CSU,0,0,,
CWN,0,0,,
CRV,0,0,,
CUX,0,0,,
CSK,0,0,,
CRO,0,0,,
CZC,0,0,,
cuh,0,0,,
CU1,0,0,,
CU2,0,0,,
CTK,0,0,,
CTU,0,0,,
CTJ,0,0,,
CRF,0,0,,
CSV,0,0,,
CDU,0,0,,
CUD,0,0,,
CSG,0,0,,
CMK,0,0,,
CUY,0,0,,
CJT,0,0,,
CVI,0,0,,
CLK,0,0,,
CYT,0,0,,
DTO,0,0,,
DAU,0,0,,
DCA,0,0,,
DHL,0,0,,
DFI,0,0,,
DLY,0,0,,
DGY,0,0,,
DNS,0,0,,
DAN,0,0,,
DKS,0,0,,
DNI,0,0,,
DBS,0,0,,
DTV,0,0,,
DPT,0,0,,
JDL,0,0,,
DTE,0,0,,
DAT,0,0,,
DJS,0,0,,
DBR,0,0,,
DWS,0,0,,
DCI,0,0,,
DCF,0,0,,
DVC,0,0,,
DET,0,0,,
DEA,0,0,,
DSX,0,0,,
DGM,0,0,,
DFM,0,0,,
D13,0,0,,
DCP,0,0,,
DGD,0,0,,
DSB,0,0,,
DWT,0,0,,
DMS,0,0,,
DRM,0,0,,
DHU,0,0,,
DNH,0,0,,
DRS,0,0,,
DEN,0,0,,
DNX,0,0,,
DPF,0,0,,
DTF,0,0,,
DTA,0,0,,
DBA,0,0,,
DSL,0,0,,
DRI,0,0,,
DVE,0,0,,
DVH,0,0,,
DVN,0,0,,
DEX,0,0,,
DXR,0,0,,
DGA,0,0,,
DGO,0,0,,
DRL,0,0,,
DID,0,0,,
DXF,0,0,,
DIO,0,0,,
DGX,0,0,,
DAC,0,0,,
DIR,0,0,,
DML,0,0,,
DIP,0,0,,
DIS,0,0,,
DPA,0,0,,
DVA,0,0,,
DMR,0,0,,
DJP,0,0,,
JOD,0,0,,
DKN,0,0,,
DMX,0,0,,
DBN,0,0,,
DWL,0,0,,
DOM,0,0,,
DGF,0,0,,
DTS,0,0,,
DRD,0,0,,
DHB,0,0,,
DN8,0,0,,
DLS,0,0,,
DAZ,0,0,,
DAO,0,0,,
DAE,0,0,,
DAQ,0,0,,
DSH,0,0,,
DSQ,0,0,,
DTX,0,0,,
DUE,0,0,,
DKG,0,0,,
DKE,0,0,,
DLX,0,0,,
DFS,0,0,,
DMA,0,0,,
DXL,0,0,,
DYN,0,0,,
EAL,0,0,,
EBS,0,0,,
E3S,0,0,,
EHH,0,0,,
EAG,0,0,,
EEI,0,0,,
ESL,0,0,,
EAC,0,0,,
EEM,0,0,,
EER,0,0,,
EWE,0,0,,
ECH,0,0,,
ESC,0,0,,
EAM,0,0,,
EGA,0,0,,
ENG,0,0,,
ESG,0,0,,
EZY,0,0,,
ECI,0,0,,
EAR,0,0,,
ECO,0,0,,
ECV,0,0,,
EDT,0,0,,
ETG,0,0,,
EDL,0,0,,
EFC,0,0,,
EFT,0,0,,
EGO,0,0,,
ERC,0,0,,
EIS,0,0,,
EKS,0,0,,
EIM,0,0,,
ERF,0,0,,
EAU,0,0,,
EEA,0,0,,
XNA,0,0,,
EMM,0,0,,
EEC,0,0,,
ELC,0,0,,
ELM,0,0,,
ELK,0,0,,
EDN,0,0,,
ELL,0,0,,
EAI,0,0,,
EGF,0,0,,
EGI,0,0,,
ELO,0,0,,
ELR,0,0,,
ELI,0,0,,
EMA,0,0,,
EMI,0,0,,
EPD,0,0,,
ENC,0,0,,
EOC,0,0,,
ENB,0,0,,
ENE,0,0,,
EOG,0,0,,
ENK,0,0,,
EXO,0,0,,
ENS,0,0,,
E88,0,0,,
EIL,0,0,,
EVM,0,0,,
ERS,0,0,,
EON,0,0,,
EOR,0,0,,
EPC,0,0,,
EPA,0,0,,
EPO,0,0,,
EPS,0,0,,
EPG,0,0,,
EQM,0,0,,
EQI,0,0,,
EQK,0,0,,
EPI,0,0,,
EII,0,0,,
EWN,0,0,,
EPW,0,0,,
ESE,0,0,,
EPF,0,0,,
ZCN,0,0,,
ZOZ,0,0,,
EBF,0,0,,
EKA,0,0,,
EYT,0,0,,
EUZ,0,0,,
EIG,0,0,,
EAF,0,0,,
EFF,0,0,,
EGD,0,0,,
EDI,0,0,,
EFG,0,0,,
EVF,0,0,,
EGX,0,0,,
EXC,0,0,,
EXG,0,0,,
EXS,0,0,,
ETA,0,0,,
EXI,0,0,,
EXX,0,0,,
ERX,0,0,,
EXU,0,0,,
EXT,0,0,,
EXN,0,0,,
EPL,0,0,,
FAC,0,0,,
FAI,0,0,,
FLL,0,0,,
FNR,0,0,,
FXJ,0,0,,
FHP,0,0,,
FAS,0,0,,
FAN,0,0,,
FFC,0,0,,
FDL,0,0,,
FRT,0,0,,
FCO,0,0,,
FE8,0,0,,
FEI,0,0,,
FTI,0,0,,
FHF,0,0,,
FDW,0,0,,
FPS,0,0,,
FTH,0,0,,
FNA,0,0,,
FCR,0,0,,
FMH,0,0,,
FFR,0,0,,
FSE,0,0,,
FAB,0,0,,
FST,0,0,,
FCC,0,0,,
FIR,0,0,,
FGF,0,0,,
FPT,0,0,,
FIS,0,0,,
FNT,0,0,,
FTM,0,0,,
FMN,0,0,,
FMB,0,0,,
FMM,0,0,,
FMA,0,0,,
FIP,0,0,,
FPA,0,0,,
FIT,0,0,,
FTW,0,0,,
FAF,0,0,,
FGI,0,0,,
FEU,0,0,,
FLK,0,0,,
FCH,0,0,,
FOA,0,0,,
FBI,0,0,,
FBO,0,0,,
FEA,0,0,,
FOH,0,0,,
FGE,0,0,,
FHL,0,0,,
FRG,0,0,,
FOI,0,0,,
FTE,0,0,,
FRH,0,0,,
FYA,0,0,,
FOB,0,0,,
FNC,0,0,,
FXR,0,0,,
FOX,0,0,,
FRA,0,0,,
FIF,0,0,,
FLR,0,0,,
FKH,0,0,,
FFL,0,0,,
FIG,0,0,,
FDM,0,0,,
FHM,0,0,,
FCX,0,0,,
FGC,0,0,,
FCG,0,0,,
FDX,0,0,,
FRU,0,0,,
FUL,0,0,,
FLH,0,0,,
FSN,0,0,,
FOL,0,0,,
GPH,0,0,,
GMV,0,0,,
GHI,0,0,,
GXY,0,0,,
GJT,0,0,,
GGN,0,0,,
GLG,0,0,,
GSP,0,0,,
GRD,0,0,,
GNF,0,0,,
GFS,0,0,,
GGM,0,0,,
GTY,0,0,,
GAV,0,0,,
GZL,0,0,,
GBI,0,0,,
GBM,0,0,,
GBT,0,0,,
GEA,0,0,,
GCA,0,0,,
GCH,0,0,,
GCE,0,0,,
GGU,0,0,,
GFN,0,0,,
GCP,0,0,,
GET,0,0,,
GIA,0,0,,
GMM,0,0,,
GHC,0,0,,
GNA,0,0,,
GIN,0,0,,
GEO,0,0,,
MGE,0,0,,
WEG,0,0,,
GHT,0,0,,
GEE,0,0,,
GEH,0,0,,
GSW,0,0,,
GGB,0,0,,
GID,0,0,,
GLT,0,0,,
GBG,0,0,,
GIO,0,0,,
GOP,0,0,,
GIR,0,0,,
GVN,0,0,,
GKN,0,0,,
GMH,0,0,,
GOD,0,0,,
GFI,0,0,,
GLF,0,0,,
GMI,0,0,,
GBP,0,0,,
GPY,0,0,,
GRF,0,0,,
GSZ,0,0,,
GTV,0,0,,
GLY,0,0,,
GCL,0,0,,
GOE,0,0,,
GCN,0,0,,
GFY,0,0,,
GHO,0,0,,
GOL,0,0,,
GMK,0,0,,
GMS,0,0,,
GDO,0,0,,
GSA,0,0,,
GCD,0,0,,
GCO,0,0,,
GFO,0,0,,
GWN,0,0,,
GWF,0,0,,
GKL,0,0,,
GON,0,0,,
G79,0,0,,
GRM,0,0,,
GSL,0,0,,
GMF,0,0,,
GFF,0,0,,
GMP,0,0,,
GOO,0,0,,
GPF,0,0,,
GQH,0,0,,
GOS,0,0,,
GPI,0,0,,
GST,0,0,,
GRB,0,0,,
GTC,0,0,,
GHG,0,0,,
GRP,0,0,,
GBA,0,0,,
GPM,0,0,,
GRN,0,0,,
GEG,0,0,,
GOG,0,0,,
GAU,0,0,,
GFM,0,0,,
GTP,0,0,,
GSO,0,0,,
GVG,0,0,,
GWM,0,0,,
GNV,0,0,,
GPE,0,0,,
GFD,0,0,,
GNB,0,0,,
GBS,0,0,,
GCG,0,0,,
GXL,0,0,,
GTF,0,0,,
GRG,0,0,,
GPA,0,0,,
GGL,0,0,,
GFC,0,0,,
GFH,0,0,,
GRO,0,0,,
GVR,0,0,,
TGO,0,0,,
GRY,0,0,,
GSI,0,0,,
GDL,0,0,,
GUI,0,0,,
GUJ,0,0,,
GMC,0,0,,
GLS,0,0,,
GNS,0,0,,
GWG,0,0,,
GWC,0,0,,
GWI,0,0,,
GWL,0,0,,
GYD,0,0,,
HNC,0,0,,
HLC,0,0,,
HLK,0,0,,
HFL,0,0,,
HAM,0,0,,
HAP,0,0,,
HDS,0,0,,
HGM,0,0,,
HHM,0,0,,
HDI,0,0,,
HAN,0,0,,
HAO,0,0,,
HBD,0,0,,
HDR,0,0,,
HRG,0,0,,
HSL,0,0,,
HTE,0,0,,
HTS,0,0,,
HVC,0,0,,
HTR,0,0,,
HWT,0,0,,
HST,0,0,,
HOL,0,0,,
HDH,0,0,,
HWR,0,0,,
HOG,0,0,,
HZA,0,0,,
HSD,0,0,,
HNL,0,0,,
HCN,0,0,,
HHI,0,0,,
HSP,0,0,,
HSO,0,0,,
HLN,0,0,,
HMO,0,0,,
HIN,0,0,,
HTW,0,0,,
HAD,0,0,,
HCR,0,0,,
HSK,0,0,,
HMT,0,0,,
HGI,0,0,,
JOH,0,0,,
HML,0,0,,
HWE,0,0,,
HTC,0,0,,
HER,0,0,,
HBS,0,0,,
HGD,0,0,,
HRR,0,0,,
HVB,0,0,,
HYS,0,0,,
HEY,0,0,,
HHY,0,0,,
HLR,0,0,,
HLG,0,0,,
HIG,0,0,,
HNZ,0,0,,
HIH,0,0,,
HLY,0,0,,
HMR,0,0,,
HDL,0,0,,
HII,0,0,,
HRO,0,0,,
HMA,0,0,,
HOA,0,0,,
HOB,0,0,,
HDG,0,0,,
HME,0,0,,
HRP,0,0,,
HSG,0,0,,
HSM,0,0,,
HKL,0,0,,
HKR,0,0,,
HBI,0,0,,
HIP,0,0,,
HZP,0,0,,
HOS,0,0,,
HWG,0,0,,
HOT,0,0,,
HSH,0,0,,
HOY,0,0,,
HPX,0,0,,
HRL,0,0,,
HCO,0,0,,
HRS,0,0,,
HDX,0,0,,
HUN,0,0,,
HUD,0,0,,
HIC,0,0,,
HUO,0,0,,
HCC,0,0,,
HWW,0,0,,
HYF,0,0,,
XTA,0,0,,
HYP,0,0,,
HES,0,0,,
HCS,0,0,,
HZL,0,0,,
IOW,0,0,,
IAB,0,0,,
IAN,0,0,,
IGD,0,0,,
IBR,0,0,,
IB8,0,0,,
ICQ,0,0,,
ICM,0,0,,
ICS,0,0,,
IDE,0,0,,
IDM,0,0,,
IDF,0,0,,
IDH,0,0,,
IDJ,0,0,,
IFS,0,0,,
IGX,0,0,,
IIN,0,0,,
IKW,0,0,,
ILW,0,0,,
IUL,0,0,,
IGE,0,0,,
IPS,0,0,,
IMS,0,0,,
IML,0,0,,
ITC,0,0,,
IMT,0,0,,
ICT,0,0,,
IPM,0,0,,
IDG,0,0,,
IPN,0,0,,
IRL,0,0,,
IOR,0,0,,
IPA,0,0,,
IDO,0,0,,
IPR,0,0,,
IDP,0,0,,
IDC,0,0,,
IDL,0,0,,
IRN,0,0,,
ICZ,0,0,,
IOK,0,0,,
IEP,0,0,,
IRH,0,0,,
IFN,0,0,,
ICH,0,0,,
IFA,0,0,,
INU,0,0,,
IIF,0,0,,
IGG,0,0,,
INW,0,0,,
INN,0,0,,
IHN,0,0,,
IVL,0,0,,
INO,0,0,,
IOS,0,0,,
IVA,0,0,,
ICF,0,0,,
ISB,0,0,,
ITQ,0,0,,
ITG,0,0,,
IGR,0,0,,
IGA,0,0,,
IWF,0,0,,
IHC,0,0,,
ITL,0,0,,
ITF,0,0,,
INT,0,0,,
ITE,0,0,,
IHR,0,0,,
IDB,0,0,,
ITA,0,0,,
ITN,0,0,,
INI,0,0,,
IAS,0,0,,
INC,0,0,,
IDS,0,0,,
IGF,0,0,,
IGS,0,0,,
IIP,0,0,,
INH,0,0,,
IRP,0,0,,
IPO,0,0,,
IOP,0,0,,
IWI,0,0,,
IOC,0,0,,
ITR,0,0,,
IMY,0,0,,
IMZ,0,0,,
IMV,0,0,,
IWT,0,0,,
ITO,0,0,,
IQE,0,0,,
IAD,0,0,,
IXS,0,0,,
IOF,0,0,,
IAL,0,0,,
IDV,0,0,,
IVE,1,1,11/11/2008,23/08/2023
IVG,0,0,,
IVQ,0,0,,
IOA,0,0,,
ION,0,0,,
IOT,0,0,,
IPE,0,0,,
IPP,0,0,,
IPW,0,0,,
IQ3,0,0,,
IQX,0,0,,
INM,0,0,,
IOH,0,0,,
IAP,0,0,,
ISU,0,0,,
ISD,0,0,,
IST,0,0,,
ISI,0,0,,
ISF,0,0,,
ISS,0,0,,
ITP,0,0,,
ITD,0,0,,
ITX,0,0,,
IVN,0,0,,
IVS,0,0,,
IWL,0,0,,
IXL,0,0,,
IYS,0,0,,
JNB,0,0,,
JCM,0,0,,
JML,0,0,,
CHJ,0,0,,
JIP,0,0,,
JKA,0,0,,
JAK,0,0,,
JAC,0,0,,
JEL,0,0,,
JCO,0,0,,
JHV,0,0,,
JFG,0,0,,
HAH,0,0,,
WJG,0,0,,
JGT,0,0,,
JHC,0,0,,
JFA,0,0,,
JMH,0,0,,
JSH,0,0,,
JDV,0,0,,
JFH,0,0,,
JFI,0,0,,
JEN,0,0,,
JJF,0,0,,
JCI,0,0,,
JGB,0,0,,
JMB,0,0,,
JCB,0,0,,
JMN,0,0,,
TJH,0,0,,
JNA,0,0,,
WJM,0,0,,
JBL,0,0,,
JHF,0,0,,
LYS,0,0,,
SHR,0,0,,
JPL,0,0,,
JCP,0,0,,
JBM,0,0,,
JCL,0,0,,
JUP,0,0,,
JPT,0,0,,
JST,0,0,,
JJS,0,0,,
JVG,0,0,,
KTO,0,0,,
KTE,0,0,,
KII,0,0,,
KAA,0,0,,
KAB,0,0,,
KZL,0,0,,
KMC,0,0,,
KMG,0,0,,
KLC,0,0,,
KMT,0,0,,
KGM,0,0,,
KRL,0,0,,
KAS,0,0,,
KTN,0,0,,
KPC,0,0,,
KAZ,0,0,,
KBL,0,0,,
LOK,0,0,,
KRN,0,0,,
KDE,0,0,,
KEW,0,0,,
KYC,0,0,,
KYG,0,0,,
KHF,0,0,,
KHS,0,0,,
KDR,0,0,,
KDS,0,0,,
KGH,0,0,,
KIM,0,0,,
KDL,0,0,,
KOG,0,0,,
KBS,0,0,,
KPE,0,0,,
KPL,0,0,,
KEL,0,0,,
KIC,0,0,,
KFG,0,0,,
KGI,0,0,,
KWR,0,0,,
KLA,0,0,,
KTR,0,0,,
KWD,0,0,,
KIT,0,0,,
KLM,0,0,,
KLZ,0,0,,
KOL,0,0,,
KKL,0,0,,
KKT,0,0,,
KNH,0,0,,
K2P,0,0,,
KRT,0,0,,
KRS,0,0,,
KGS,0,0,,
KTL,0,0,,
KTM,0,0,,
KUL,0,0,,
KMR,0,0,,
KPR,0,0,,
KSP,0,0,,
KEN,0,0,,
KWL,0,0,,
KYK,0,0,,
LME,0,0,,
LTS,0,0,,
LLR,0,0,,
LRC,0,0,,
LAK,0,0,,
LPC,0,0,,
LWP,0,0,,
LDM,0,0,,
LBW,0,0,,
LAN,0,0,,
LGR,0,0,,
LTN,0,0,,
LAH,0,0,,
LDY,0,0,,
LSH,0,0,,
LTA,0,0,,
LAX,0,0,,
LAS,0,0,,
LAA,0,0,,
LIL,0,0,,
LBP,0,0,,
LVR,0,0,,
LVG,0,0,,
LWF,0,0,,
LBY,0,0,,
LFC,0,0,,
LPA,0,0,,
LDA,0,0,,
LGD,0,0,,
LSI,0,0,,
LMC,0,0,,
LMR,0,0,,
LEV,0,0,,
LLP,0,0,,
LUT,0,0,,
LI4,0,0,,
LI1,0,0,,
LIF,0,0,,
LIA,0,0,,
LIE,0,0,,
LIB,0,0,,
LHC,0,0,,
LBF,0,0,,
LJF,0,0,,
LNC,0,0,,
LDN,0,0,,
LFX,0,0,,
LRF,0,0,,
LWI,0,0,,
LCA,0,0,,
LNN,0,0,,
LSG,0,0,,
LST,0,0,,
LNS,0,0,,
LHB,0,0,,
LON,0,0,,
LIM,0,0,,
LIP,0,0,,
LNG,0,0,,
LMA,0,0,,
LRG,0,0,,
LWB,0,0,,
LLA,0,0,,
LHD,0,0,,
LMH,0,0,,
LGC,0,0,,
LRX,0,0,,
LGO,0,0,,
LSC,0,0,,
LAL,0,0,,
LDW,0,0,,
LUK,0,0,,
LMS,0,0,,
LSL,0,0,,
LVL,0,0,,
MTU,0,0,,
MLD,0,0,,
MCC,0,0,,
MSA,0,0,,
MIF,0,0,,
MCK,0,0,,
MPB,0,0,,
MRP,0,0,,
MCQ,0,0,,
MCG,0,0,,
MQC,0,0,,
MFN,0,0,,
MGI,0,0,,
MGM,0,0,,
MIP,0,0,,
MRN,0,0,,
MOR,0,0,,
MPN,0,0,,
MWG,0,0,,
MQW,0,0,,
MAC,0,0,,
MGG,0,0,,
MGN,0,0,,
MMW,0,0,,
MPH,0,0,,
MNA,0,0,,
MHY,0,0,,
MHZ,0,0,,
MNL,0,0,,
MAI,0,0,,
MJR,0,0,,
MKE,0,0,,
MBC,0,0,,
MYL,0,0,,
MHS,0,0,,
MTL,1,1,11/07/2000,23/08/2023
MDD,0,0,,
MOI,0,0,,
MDH,0,0,,
MTR,0,0,,
MRU,0,0,,
MBA,0,0,,
MRB,0,0,,
MGO,0,0,,
MAZ,0,0,,
MRT,0,0,,
MKC,0,0,,
MKH,0,0,,
MKP,0,0,,
MJP,0,0,,
MML,0,0,,
MHR,0,0,,
MBB,0,0,,
MKM,0,0,,
MVU,0,0,,
MAV,0,0,,
MWP,0,0,,
MWE,0,0,,
MXQ,0,0,,
MSP,0,0,,
MYP,0,0,,
MZU,0,0,,
MBD,0,0,,
MBF,0,0,,
MCS,0,0,,
MCB,0,0,,
MDG,0,0,,
MWM,0,0,,
MSL,0,0,,
MDE,0,0,,
MBJ,0,0,,
MDZ,0,0,,
MZB,0,0,,
MZA,0,0,,
MZC,0,0,,
MAS,0,0,,
MED,0,0,,
MPF,0,0,,
MWC,0,0,,
MLA,0,0,,
MRE,0,0,,
MGZ,0,0,,
MDV,0,0,,
MEH,0,0,,
MHT,0,0,,
MPS,0,0,,
MGP,0,0,,
MET,0,0,,
MVT,0,0,,
MMT,0,0,,
MII,0,0,,
MRO,0,0,,
MEK,1,1,04/01/2000,23/08/2023
MRW,0,0,,
MMK,0,0,,
MEP,0,0,,
MES,0,0,,
MMF,0,0,,
MST,0,0,,
MTT,0,0,,
MKO,0,0,,
MTX,0,0,,
MTN,0,0,,
MEQ,0,0,,
MTD,0,0,,
MBS,0,0,,
MBT,0,0,,
XQE,0,0,,
MGC,0,0,,
MGS,0,0,,
MIA,0,0,,
MIC,0,0,,
MIS,0,0,,
MLK,0,0,,
MHD,0,0,,
MOY,0,0,,
MHL,0,0,,
MAX,0,0,,
MLT,0,0,,
MIM,0,0,,
MCR,0,0,,
MNC,0,0,,
MDO,0,0,,
MFX,0,0,,
MLB,0,0,,
MDL,0,0,,
MXX,0,0,,
MSX,0,0,,
MIT,0,0,,
MWL,0,0,,
MNR,0,0,,
MNE,0,0,,
MNW,0,0,,
MBN,0,0,,
MIX,0,0,,
MRV,0,0,,
PFD,0,0,,
MPT,0,0,,
MCU,0,0,,
MTE,0,0,,
MUA,0,0,,
MMG,0,0,,
MMU,0,0,,
MOA,0,0,,
MOG,0,0,,
MOD,0,0,,
MPO,0,0,,
MOL,0,0,,
MON,0,0,,
MA1,0,0,,
MUB,0,0,,
MTA,0,0,,
MR1,0,0,,
MMZ,0,0,,
MOQ,0,0,,
MCO,0,0,,
MOC,0,0,,
MOS,0,0,,
MLC,0,0,,
MVG,0,0,,
MOE,0,0,,
MVC,0,0,,
MPC,0,0,,
MPM,0,0,,
MSF,0,0,,
MSM,0,0,,
MEV,0,0,,
MLP,0,0,,
MFC,0,0,,
MUE,0,0,,
MXG,0,0,,
MXU,0,0,,
MUV,0,0,,
MUM,0,0,,
MCH,0,0,,
MMX,0,0,,
MYD,0,0,,
MRG,0,0,,
MUH,0,0,,
MBE,0,0,,
MFB,0,0,,
MYF,0,0,,
MYB,0,0,,
MYO,0,0,,
MZI,0,0,,
NKV,0,0,,
NAL,0,0,,
NSN,0,0,,
NCV,0,0,,
NHS,0,0,,
NCI,0,0,,
NCU,0,0,,
NCL,0,0,,
NFD,0,0,,
NFG,0,0,,
NHR,0,0,,
NLC,0,0,,
NLG,0,0,,
NLO,0,0,,
NPA,0,0,,
NPF,0,0,,
NAA,0,0,,
NAF,0,0,,
NAO,0,0,,
NAH,0,0,,
NTG,0,0,,
NVL,0,0,,
NWD,0,0,,
NQT,0,0,,
NGA,0,0,,
NIX,0,0,,
PYR,0,0,,
NVT,0,0,,
NEA,0,0,,
NWB,0,0,,
NCA,0,0,,
NXR,0,0,,
NER,0,0,,
NEN,0,0,,
NTC,0,0,,
NFB,0,0,,
NTF,0,0,,
NFO,0,0,,
NEV,0,0,,
NCZ,0,0,,
NEW,0,0,,
NHG,0,0,,
NMD,0,0,,
NOP,0,0,,
NPH,0,0,,
XNM,0,0,,
NSE,0,0,,
NCH,0,0,,
NHH,0,0,,
NEM,0,0,,
NYY,0,0,,
NCP,0,0,,
NWT,0,0,,
NNT,0,0,,
NBS,0,0,,
NXB,0,0,,
NFM,0,0,,
NGM,0,0,,
NID,0,0,,
NKA,0,0,,
NRN,0,0,,
NDO,0,0,,
NTO,0,0,,
NIU,0,0,,
NKP,0,0,,
NMF,0,0,,
NBX,0,0,,
NMM,0,0,,
NFR,0,0,,
NRI,0,0,,
NDP,0,0,,
NFA,0,0,,
NFK,0,0,,
NDY,0,0,,
NMW,0,0,,
NBH,0,0,,
NMB,0,0,,
NQL,0,0,,
NQM,0,0,,
NQR,0,0,,
NRC,0,0,,
NCO,0,0,,
NOC,0,0,,
NTH,0,0,,
NMI,0,0,,
NQC,0,0,,
XSN,0,0,,
NWR,0,0,,
NGF,0,0,,
NWE,0,0,,
NEL,0,0,,
NHL,0,0,,
NOE,0,0,,
NVM,0,0,,
NVE,0,0,,
NVN,0,0,,
NVS,0,0,,
NPI,0,0,,
NRW,0,0,,
NCS,0,0,,
NPX,0,0,,
NUS,0,0,,
NNZ,0,0,,
NYL,0,0,,
NLX,0,0,,
NYO,0,0,,
NZF,0,0,,
NZI,0,0,,
NZC,0,0,,
OAM,0,0,,
OKH,0,0,,
OKN,0,0,,
OMP,0,0,,
OEA,0,0,,
OCE,0,0,,
OGD,0,0,,
OGC,0,0,,
OCX,0,0,,
OCP,0,0,,
OGH,0,0,,
ORS,0,0,,
OXX,0,0,,
OCV,0,0,,
ODD,0,0,,
ODN,0,0,,
ODG,0,0,,
OAP,0,0,,
OGN,0,0,,
OGL,0,0,,
OSH,0,0,,
OLN,0,0,,
OKU,0,0,,
OLM,0,0,,
NIO,0,0,,
OMO,0,0,,
OMC,0,0,,
OMN,0,0,,
ONL,0,0,,
1AL,0,0,,
OVH,0,0,,
OTR,0,0,,
OTH,0,0,,
ONX,0,0,,
OOH,0,0,,
OTT,0,0,,
OPS,0,0,,
OPC,0,0,,
OPG,0,0,,
OBS,0,0,,
ORH,0,0,,
OGX,0,0,,
OHE,0,0,,
OTL,0,0,,
ORL,0,0,,
OSP,0,0,,
OLV,0,0,,
OUM,0,0,,
OVT,0,0,,
OVN,0,0,,
OTW,0,0,,
OVS,0,0,,
OZL,0,0,,
OZG,0,0,,
PNO,0,0,,
CLL,0,0,,
P2P,0,0,,
PAP,0,0,,
PBG,0,0,,
PCF,0,0,,
PFC,0,0,,
PDF,0,0,,
PEA,0,0,,
PNL,0,0,,
PHY,0,0,,
PIG,0,0,,
PFM,0,0,,
PMU,0,0,,
PFR,0,0,,
PCS,0,0,,
PTB,0,0,,
PBB,0,0,,
PMH,0,0,,
PML,0,0,,
PDC,0,0,,
PID,0,0,,
PMX,0,0,,
PAL,0,0,,
PLC,0,0,,
PZC,0,0,,
POR,0,0,,
PPP,0,0,,
PPH,0,0,,
PNA,0,0,,
PBO,0,0,,
PFL,0,0,,
PAG,0,0,,
PGA,0,0,,
PRA,0,0,,
PXU,0,0,,
PIR,0,0,,
PGN,0,0,,
PCP,0,0,,
PBY,0,0,,
PRK,0,0,,
PDS,0,0,,
PAS,0,0,,
POC,0,0,,
PAV,0,0,,
PAW,0,0,,
PAY,0,0,,
PYG,0,0,,
PYV,0,0,,
PDT,0,0,,
PLR,0,0,,
PST,0,0,,
PPI,0,0,,
PDL,0,0,,
PSN,0,0,,
PTA,0,0,,
PSH,0,0,,
PM8,0,0,,
LSB,0,0,,
PEO,0,0,,
PBA,0,0,,
PEP,0,0,,
PLI,0,0,,
PER,0,0,,
PRJ,0,0,,
PUS,0,0,,
PMG,0,0,,
PEM,0,0,,
PCB,0,0,,
PMS,0,0,,
PTT,0,0,,
PSV,0,0,,
PLM,0,0,,
KUP,0,0,,
PLW,0,0,,
PTW,0,0,,
PTV,0,0,,
PTC,0,0,,
PTG,0,0,,
PTZ,0,0,,
PSA,0,0,,
PHI,0,0,,
POA,0,0,,
PRH,0,0,,
PXG,0,0,,
PRC,0,0,,
PIH,0,0,,
PIN,0,0,,
PVM,0,0,,
PJA,0,0,,
PBS,0,0,,
PWK,0,0,,
PBV,0,0,,
PVG,0,0,,
PEG,0,0,,
PCR,0,0,,
PDG,0,0,,
PLP,0,0,,
PPZ,0,0,,
PLB,0,0,,
PLN,0,0,,
PPN,0,0,,
PRG,0,0,,
PPA,0,0,,
PTE,0,0,,
PLA,0,0,,
PC1,0,0,,
PLV,0,0,,
PLU,0,0,,
PAF,0,0,,
PDR,0,0,,
XQH,0,0,,
XVF,0,0,,
PMM,0,0,,
PVY,0,0,,
PDM,0,0,,
POI,0,0,,
PWI,0,0,,
PWS,0,0,,
PWT,0,0,,
PWL,0,0,,
PPO,0,0,,
PMZ,0,0,,
PDH,0,0,,
PCN,0,0,,
PCA,0,0,,
PEZ,0,0,,
PRV,0,0,,
PIB,0,0,,
PRF,0,0,,
PTN,0,0,,
PGX,0,0,,
PWG,0,0,,
PAO,0,0,,
POF,0,0,,
PSB,0,0,,
POG,0,0,,
POJ,0,0,,
POB,0,0,,
PJP,0,0,,
PPR,0,0,,
PMN,0,0,,
PCH,0,0,,
PYT,0,0,,
PSP,0,0,,
PRI,0,0,,
PRW,0,0,,
PVH,0,0,,
PBR,0,0,,
PON,0,0,,
PNQ,0,0,,
PVA,0,0,,
PSD,0,0,,
PHG,0,0,,
PUH,0,0,,
PUP,0,0,,
PUC,0,0,,
PUI,0,0,,
PUB,0,0,,
PUM,0,0,,
PUF,0,0,,
PUE,0,0,,
PUD,0,0,,
PUJ,0,0,,
PUK,0,0,,
PUU,0,0,,
PUV,0,0,,
PUZ,0,0,,
PES,0,0,,
PLX,0,0,,
QTG,0,0,,
QTT,0,0,,
QRL,0,0,,
QDL,0,0,,
QAM,0,0,,
QNT,0,0,,
QIW,0,0,,
QLO,0,0,,
QMT,0,0,,
QMS,0,0,,
QNI,0,0,,
QRX,0,0,,
QDX,0,0,,
QTM,0,0,,
QUO,0,0,,
QMG,0,0,,
QBC,0,0,,
QMM,0,0,,
QAI,0,0,,
QCL,0,0,,
QCT,0,0,,
QCH,0,0,,
QGC,0,0,,
QUM,0,0,,
QMH,0,0,,
QMN,0,0,,
QPP,0,0,,
QEX,0,0,,
QST,0,0,,
QSS,0,0,,
QFX,0,0,,
QUC,0,0,,
QTK,0,0,,
QIN,0,0,,
QIL,0,0,,
RBP,0,0,,
RBV,0,0,,
RTK,0,0,,
RAF,0,0,,
RMM,0,0,,
RMB,0,0,,
RMF,0,0,,
RMT,0,0,,
RDP,0,0,,
RRS,0,0,,
RNG,0,0,,
RPT,0,0,,
RTN,0,0,,
RCA,0,0,,
RAW,0,0,,
RAZ,0,0,,
RZR,0,0,,
RLE,0,0,,
RNC,0,0,,
RRP,0,0,,
REB,0,0,,
RRT,0,0,,
RAL,0,0,,
RAR,0,0,,
RBK,0,0,,
AEJ,0,0,,
RDC,0,0,,
RPF,0,0,,
RCF,0,0,,
RDF,0,0,,
RDH,0,0,,
RDL,0,0,,
RFO,0,0,,
RMA,0,0,,
RGM,0,0,,
RES,0,0,,
RD1,0,0,,
RCO,0,0,,
RNS,0,0,,
REL,0,0,,
RFC,0,0,,
ROA,0,0,,
RAP,0,0,,
RT9,0,0,,
RTD,0,0,,
RA1,0,0,,
RTT,0,0,,
RTC,0,0,,
RER,0,0,,
RFD,0,0,,
RDV,1,1,14/05/2010,23/08/2023
RAI,0,0,,
RQL,0,0,,
RSP,0,0,,
RXA,0,0,,
RTI,0,0,,
RTS,0,0,,
RVA,0,0,,
REF,0,0,,
RVC,0,0,,
RXF,0,0,,
RYW,0,0,,
RFP,0,0,,
RGC,0,0,,
RHG,0,0,,
RHP,0,0,,
RHS,0,0,,
RIA,0,0,,
RGW,0,0,,
RIS,0,0,,
RIL,0,0,,
RFV,0,0,,
RGK,0,0,,
RPC,0,0,,
RIN,0,0,,
RNL,0,0,,
RCY,0,0,,
RIG,0,0,,
RIV,0,0,,
RMW,0,0,,
RMG,0,0,,
RNY,0,0,,
XRT,0,0,,
RNB,0,0,,
ROB,0,0,,
RBS,0,0,,
ROL,0,0,,
ROK,0,0,,
RBY,0,0,,
RKC,0,0,,
RCI,0,0,,
RLK,0,0,,
ROS,0,0,,
RHD,0,0,,
RSM,1,1,13/03/2012,23/08/2023
RWS,0,0,,
RHL,0,0,,
ROW,0,0,,
RWH,0,0,,
RYC,0,0,,
RPD,0,0,,
RPX,0,0,,
RAT,0,0,,
REU,0,0,,
RJT,0,0,,
RBC,0,0,,
RUB,0,0,,
RFL,0,0,,
RUP,0,0,,
RPS,0,0,,
RVL,0,0,,
RTA,0,0,,
RXP,0,0,,
RYE,0,0,,
SEL,0,0,,
SPR,1,1,21/10/2020,23/08/2023
SXM,0,0,,
SRM,0,0,,
SAV,0,0,,
SAB,0,0,,
SAP,0,0,,
SBE,0,0,,
SAG,0,0,,
SGG,0,0,,
SAI,0,0,,
SLL,0,0,,
SBH,0,0,,
SO4,0,0,,
SAL,0,0,,
SMD,0,0,,
SSN,0,0,,
SRD,0,0,,
SDH,0,0,,
SFD,0,0,,
SDC,0,0,,
SDB,0,0,,
SXP,0,0,,
SPV,0,0,,
SAR,0,0,,
SAT,0,0,,
STT,0,0,,
SCR,0,0,,
SCD,0,0,,
SCB,0,0,,
SRB,0,0,,
SDD,0,0,,
SSE,0,0,,
SIE,0,0,,
SFU,0,0,,
SGZ,0,0,,
SCC,0,0,,
SCO,0,0,,
SCK,0,0,,
SDS,0,0,,
SEF,0,0,,
SWD,0,0,,
SFO,0,0,,
SP1,0,0,,
SAD,0,0,,
SAJ,0,0,,
SAC,0,0,,
SMX,0,0,,
SDM,0,0,,
SED,0,0,,
SEB,0,0,,
SEM,0,0,,
SSC,0,0,,
SLN,0,0,,
SXY,0,0,,
SNR,0,0,,
TRR,0,0,,
TRW,0,0,,
TRZ,0,0,,
REJ,0,0,,
TRX,0,0,,
WSB,0,0,,
HTV,0,0,,
TRQ,0,0,,
REQ,0,0,,
REI,0,0,,
WSC,0,0,,
REK,0,0,,
RDA,0,0,,
WSH,0,0,,
WSJ,0,0,,
WSN,0,0,,
WSO,0,0,,
RFB,0,0,,
HTB,0,0,,
WSQ,0,0,,
WSD,0,0,,
RT2,0,0,,
RFE,0,0,,
STR,0,0,,
SEV,0,0,,
SWL,0,0,,
SFE,0,0,,
SFW,0,0,,
SDT,0,0,,
SHC,0,0,,
SHU,0,0,,
SHD,0,0,,
SHX,0,0,,
SNH,0,0,,
SHI,0,0,,
SHB,0,0,,
SKV,0,0,,
SIB,0,0,,
SBU,0,0,,
SID,0,0,,
SDX,0,0,,
SGL,0,0,,
SBL,0,0,,
SVH,0,0,,
SVA,0,0,,
SDY,0,0,,
SWS,0,0,,
SPH,0,0,,
SGT,0,0,,
SAO,0,0,,
SEH,0,0,,
SGX,0,0,,
SSI,0,0,,
SLE,0,0,,
SNV,0,0,,
SIR,0,0,,
SBT,0,0,,
SAA,0,0,,
SKL,0,0,,
SKE,0,0,,
SAS,0,0,,
SNT,0,0,,
SKA,0,0,,
SKP,0,0,,
SXR,0,0,,
SKW,0,0,,
SGH,0,0,,
SMT,0,0,,
SXB,0,0,,
SS6,0,0,,
SAZ,0,0,,
SSF,0,0,,
SS7,0,0,,
SM9,0,0,,
SMJ,0,0,,
SMV,0,0,,
SMB,0,0,,
SMK,0,0,,
SMW,0,0,,
SMQ,0,0,,
SNA,0,0,,
SGO,0,0,,
SIL,0,0,,
SML,0,0,,
SSX,0,0,,
SFL,0,0,,
SOF,0,0,,
SWH,0,0,,
SOS,0,0,,
SXS,0,0,,
SOH,0,0,,
SNE,0,0,,
SON,0,0,,
SNN,0,0,,
SGW,0,0,,
SMG,0,0,,
SOE,0,0,,
SAY,0,0,,
SBB,0,0,,
SET,0,0,,
SPB,0,0,,
SRP,0,0,,
SCA,0,0,,
SAK,0,0,,
SBC,0,0,,
SXX,0,0,,
SCF,0,0,,
SRC,0,0,,
SVT,0,0,,
SPF,0,0,,
SPM,0,0,,
SPG,0,0,,
SKI,0,0,,
SPC,0,0,,
SDA,0,0,,
SRS,0,0,,
SCP,0,0,,
SFI,0,0,,
SPE,0,0,,
SPO,0,0,,
SPS,0,0,,
SGB,0,0,,
SHW,0,0,,
SLG,0,0,,
SAX,0,0,,
SLP,0,0,,
SNY,0,0,,
SCY,0,0,,
SGS,0,0,,
STL,0,0,,
XNS,0,0,,
XSS,0,0,,
XVA,0,0,,
XWA,0,0,,
XNQ,0,0,,
SBF,0,0,,
STI,0,0,,
SBI,0,0,,
STF,0,0,,
SIP,0,0,,
SRE,0,0,,
SKB,0,0,,
SKD,0,0,,
STD,0,0,,
STH,0,0,,
SMC,0,0,,
SRA,0,0,,
FSH,0,0,,
STU,0,0,,
SBS,0,0,,
SGU,0,0,,
XQD,0,0,,
SMM,0,0,,
SBK,0,0,,
SEA,0,0,,
SDL,0,0,,
STV,0,0,,
SBN,0,0,,
HBH,0,0,,
SVS,0,0,,
SRF,0,0,,
SWR,0,0,,
SWE,0,0,,
SWK,0,0,,
SYD,0,0,,
SAQ,0,0,,
SYI,0,0,,
SLV,0,0,,
SYL,0,0,,
SYB,0,0,,
SL1,0,0,,
SYN,0,0,,
SYS,0,0,,
SYT,0,0,,
OCH,0,0,,
TAB,0,0,,
TKG,0,0,,
TWO,0,0,,
TBL,0,0,,
TAN,0,0,,
TBC,0,0,,
TAP,0,0,,
TTX,0,0,,
TEX,0,0,,
TKI,0,0,,
TMM,0,0,,
TPX,0,0,,
TGR,0,0,,
TSS,0,0,,
TSW,0,0,,
TAT,0,0,,
TTS,0,0,,
TAW,0,0,,
TDL,0,0,,
TDG,0,0,,
TEQ,0,0,,
TCN,0,0,,
TIF,0,0,,
TCM,0,0,,
TCP,0,0,,
TCY,0,0,,
TKA,0,0,,
TCA,0,0,,
TCT,0,0,,
TLP,0,0,,
TMN,0,0,,
TEO,0,0,,
TLZ,0,0,,
TGG,0,0,,
TEN,0,0,,
TNI,0,0,,
TNN,0,0,,
TGZ,0,0,,
TEA,0,0,,
TIV,0,0,,
TTY,0,0,,
TYC,0,0,,
TXA,0,0,,
TXN,0,0,,
TXT,0,0,,
TAF,0,0,,
THG,0,0,,
CCS,0,0,,
CGL,0,0,,
IQG,0,0,,
PGR,0,0,,
REW,0,0,,
TSN,0,0,,
WCC,0,0,,
TNK,0,0,,
TSM,0,0,,
THO,0,0,,
TPO,0,0,,
TB8,0,0,,
TGS,0,0,,
TKF,0,0,,
TIH,0,0,,
TLT,0,0,,
TIM,0,0,,
TOD,0,0,,
TPF,0,0,,
TIN,0,0,,
TIO,0,0,,
TIC,0,0,,
TIR,0,0,,
TMA,0,0,,
TMO,0,0,,
TMP,0,0,,
TBY,0,0,,
TOF,0,0,,
TOL,0,0,,
TOM,0,0,,
TCB,0,0,,
TOO,0,0,,
TOH,0,0,,
TTH,0,0,,
TDA,0,0,,
TDB,0,0,,
TRN,0,0,,
TRK,0,0,,
TOA,0,0,,
TNB,0,0,,
TNF,0,0,,
TNH,0,0,,
TTB,0,0,,
TSG,0,0,,
TCH,0,0,,
TLA,0,0,,
TOX,0,0,,
TPM,0,0,,
TME,0,0,,
TTC,0,0,,
TFP,0,0,,
TRF,0,0,,
TSC,0,0,,
TNS,0,0,,
TRO,0,0,,
TPA,0,0,,
TCS,0,0,,
TFS,0,0,,
TYO,0,0,,
TKR,0,0,,
TBH,0,0,,
TIL,0,0,,
TRG,0,0,,
TT2,0,0,,
TT1,0,0,,
TT7,0,0,,
2BE,0,0,,
TUC,0,0,,
TUG,0,0,,
TUL,0,0,,
TLL,0,0,,
TNR,0,0,,
TBG,0,0,,
TV2,0,0,,
TWT,0,0,,
TWH,0,0,,
TYA,0,0,,
TYN,0,0,,
TPT,0,0,,
UND,0,0,,
UCL,0,0,,
UMS,0,0,,
UEC,0,0,,
UFI,0,0,,
UGL,0,0,,
UIL,0,0,,
UPE,0,0,,
ULT,0,0,,
UPI,0,0,,
UNS,0,0,,
UTB,0,0,,
UNC,0,0,,
UAI,0,0,,
UCG,0,0,,
UEL,0,0,,
UNG,0,0,,
UMC,0,0,,
UTL,0,0,,
UWL,0,0,,
UML,0,0,,
UPG,0,0,,
UNV,0,0,,
UTC,0,0,,
UNP,0,0,,
UNW,0,0,,
UPD,0,0,,
UCE,0,0,,
UKL,0,0,,
URB,0,0,,
USM,0,0,,
USR,0,0,,
USC,0,0,,
UXA,0,0,,
UXC,0,0,,
VOF,0,0,,
VPG,0,0,,
VDM,0,0,,
VAH,0,0,,
VLI,0,0,,
VLY,0,0,,
VMX,0,0,,
VAM,0,0,,
VGS,0,0,,
VAN,0,0,,
VPM,0,0,,
VGO,0,0,,
VAP,0,0,,
VCL,0,0,,
VLT,0,0,,
VEL,0,0,,
VCM,0,0,,
VEC,0,0,,
VED,0,0,,
VCR,0,0,,
VFI,0,0,,
VAX,0,0,,
VRM,0,0,,
VT1,0,0,,
VSW,0,0,,
VES,0,0,,
VIC,0,0,,
VTP,0,0,,
VET,0,0,,
VLE,0,0,,
VPT,0,0,,
VYA,0,0,,
VID,0,0,,
VIE,0,0,,
VII,0,0,,
VKI,0,0,,
VWD,0,0,,
VLW,0,0,,
VRL,0,0,,
VMY,0,0,,
VNR,0,0,,
VLA,0,0,,
VIR,0,0,,
VRT,0,0,,
VSC,0,0,,
VSG,0,0,,
VEI,0,0,,
VSO,0,0,,
VTG,0,0,,
VPL,0,0,,
VTH,0,0,,
VTA,0,0,,
VIV,0,0,,
VOC,0,0,,
VGN,0,0,,
VLL,0,0,,
VNX,0,0,,
VXS,0,0,,
VOY,0,0,,
VRG,0,0,,
VCN,0,0,,
VLM,0,0,,
WAC,0,0,,
WKM,0,0,,
WDP,0,0,,
WAH,0,0,,
WKS,0,0,,
WKC,0,0,,
WAL,0,0,,
WLB,0,0,,
WJA,0,0,,
WTA,0,0,,
WCI,0,0,,
WHS,0,0,,
WGO,0,0,,
WCB,0,0,,
WNZ,0,0,,
WGF,0,0,,
WMK,0,0,,
WTR,0,0,,
WTP,0,0,,
WFH,0,0,,
WYL,0,0,,
WLS,0,0,,
WCP,0,0,,
WHW,0,0,,
WEH,0,0,,
WDE,0,0,,
WBA,0,0,,
WPM,0,0,,
WLL,0,0,,
WNP,0,0,,
WFI,0,0,,
WSG,0,0,,
WAN,0,0,,
WTE,0,0,,
WCH,0,0,,
WTQ,0,0,,
WSA,0,0,,
WAD,0,0,,
XWB,0,0,,
XWD,0,0,,
WDR,0,0,,
WUN,0,0,,
WEA,0,0,,
WFC,0,0,,
WFD,0,0,,
WDC,0,0,,
WSF,0,0,,
WRT,0,0,,
WBS,0,0,,
WIC,0,0,,
WMX,0,0,,
WBK,0,0,,
WPP,0,0,,
WCT,0,0,,
WPI,0,0,,
WTG,0,0,,
WRP,0,0,,
WCL,0,0,,
WTV,0,0,,
WWR,0,0,,
WEN,0,0,,
GZS,0,0,,
WIM,0,0,,
WCU,0,0,,
WRG,0,0,,
WHI,0,0,,
WHT,0,0,,
WLM,0,0,,
WHO,0,0,,
WHTMFI,0,0,,
AXSBSC,0,0,,
WNA,0,0,,
WIL,0,0,,
WIH,0,0,,
WND,0,0,,
WQW,0,0,,
WFE,0,0,,
WNS,0,0,,
WNO,0,0,,
WZI,0,0,,
WMR,0,0,,
WXT,0,0,,
WBW,0,0,,
WLF,0,0,,
WOF,0,0,,
WLC,0,0,,
WDI,0,0,,
WSK,0,0,,
WWA,0,0,,
WOC,0,0,,
WTF,0,0,,
WPG,0,0,,
WYI,0,0,,
WEW,0,0,,
XCD,0,0,,
XIP,0,0,,
XXL,0,0,,
XPD,0,0,,
XPL,0,0,,
YCN,0,0,,
YSF,0,0,,
YSL,0,0,,
YRK,0,0,,
YFZ,0,0,,
ZEL,0,0,,
ZAM,0,0,,
ZGM,0,0,,
ZAP,0,0,,
ZPS,0,0,,
ZBB,0,0,,
ZBT,0,0,,
ZDX,0,0,,
ZNT,0,0,,
ZEN,0,0,,
ZTL,0,0,,
ZEI,0,0,,
ZTA,0,0,,
ZHE,0,0,,
ZFX,0,0,,
ZKP,0,0,,
ZOD,0,0,,
ZRI,0,0,,
ZYB,0,0,,
CV1,0,0,,
CL8R,0,0,,
TMGR,0,0,,
AHQR,0,0,,
LNYDA,0,0,,
E33N,0,0,,
DDD,0,0,,
TGADA,0,0,,
SCTN,0,0,,
AARR,0,0,,
AQCN,0,0,,
BODN,0,0,,
LNY,0,0,,
PRXN,0,0,,
IXUN,0,0,,
FGLN,0,0,,
NSXN,0,0,,
BPHNE,0,0,,
TSCN,0,0,,
DW8N,0,0,,
DW8OA,0,0,,
TMHN,0,0,,
WBCPE,0,0,,
LNYOA,0,0,,
PBHO,0,0,,
AREN,0,0,,
SBRO,0,0,,
GWROA,0,0,,
ERWO,0,0,,
MGUO,0,0,,
NTLOB,0,0,,
ADDN,0,0,,
MEMN,0,0,,
YTMTL1,0,0,,
PRXR,0,0,,
UUVOA,0,0,,
MAYNC,0,0,,
AQCR,0,0,,
LRTN,0,0,,
IPBN,0,0,,
VOROB,0,0,,
KINN,0,0,,
PARN,0,0,,
VORDC,0,0,,
VORDB,0,0,,
KGDN,0,0,,
TRYN,0,0,,
PICNB,0,0,,
CPTND,0,0,,
WNBDB,0,0,,
WECDA,0,0,,
WQGNA,0,0,,
TMHR,0,0,,
ENXNB,0,0,,
WGBO,0,0,,
PKON,0,0,,
ICNO,0,0,,
MAYO,0,0,,
TMRN,0,0,,
VOR,0,0,,
YTMSG2,0,0,,
LVHN,0,0,,
IMEN,0,0,,
CCANC,0,0,,
PFTN,0,0,,
GMLDA,0,0,,
WNB,0,0,,
PICOA,0,0,,
GSNOA,0,0,,
DVLN,0,0,,
APCN,0,0,,
ENXOA,0,0,,
WQGOA,0,0,,
ANZN,0,0,,
BCNNC,0,0,,
KPOOE,0,0,,
AUNNB,0,0,,
M8SN,0,0,,
TTBO,0,0,,
PODN,0,0,,
BCNOB,0,0,,
DLCDA,0,0,,
WECN,0,0,,
AIQDA,0,0,,
MDCDA,0,0,,
ANZR,0,0,,
NMRN,0,0,,
CYMN,0,0,,
DYLND,0,0,,
WWIO,0,0,,
PH2DD,0,0,,
PCKN,0,0,,
DLC,0,0,,
GSNNB,0,0,,
WECR,0,0,,
SYANE,0,0,,
TPDDA,0,0,,
BMNDA,0,0,,
MIRNB,0,0,,
BPHOA,0,0,,
ALAOE,0,0,,
E2EDA,0,0,,
HYDO,0,0,,
KRROC,0,0,,
UUVDB,0,0,,
UUVDC,0,0,,
DCXN,0,0,,
1AGN,0,0,,
BWXN,0,0,,
NZSOA,0,0,,
AISDB,0,0,,
CLZDA,0,0,,
CLZDB,0,0,,
SYAOD,0,0,,
ROOO,0,0,,
E2E,0,0,,
VGMF,0,0,,
UUV,0,0,,
TNPDB,0,0,,
SRNNB,0,0,,
BRVNB,0,0,,
BRKNA,0,0,,
CLZOA,0,0,,
PBX,0,0,,
SI6ND,0,0,,
CZNO,0,0,,
AVWO,0,0,,
JATN,0,0,,
BPPN,0,0,,
AGENE,0,0,,
NESOA,0,0,,
HASDA,0,0,,
MMMDA,0,0,,
TNP,0,0,,
BASOC,0,0,,
BASNE,0,0,,
GCRDB,0,0,,
SI6OD,0,0,,
2BEO,0,0,,
PHLN,0,0,,
EVEN,0,0,,
AUZN,0,0,,
BRVO,0,0,,
BRKOB,0,0,,
SRNOC,0,0,,
RMLOA,0,0,,
LKENC,0,0,,
BEXN,0,0,,
SUNPF,0,0,,
AGEOB,0,0,,
WMCNF,0,0,,
GCXNA,0,0,,
GOLDA,0,0,,
NORO,0,0,,
NORN,0,0,,
EDEN,0,0,,
WWGN,0,0,,
OSLN,0,0,,
OKJO,0,0,,
MLSN,0,0,,
YPBDB,0,0,,
LKEOC,0,0,,
ATCNC,0,0,,
BRUN,0,0,,
ZMMDE,0,0,,
RESDA,0,0,,
HRNN,0,0,,
VGI,0,0,,
KKONB,0,0,,
GOLD,0,0,,
IPTNA,0,0,,
RLCN,0,0,,
SCLDB,0,0,,
M8SR,0,0,,
AMLN,0,0,,
MCTN,0,0,,
CVVNF,0,0,,
LPDOB,0,0,,
LOMOC,0,0,,
UBIN,0,0,,
MCTNC,0,0,,
SIHN,0,0,,
CHKNF,0,0,,
SELF,0,0,,
CGFPA,0,0,,
ESH,0,0,,
R3DN,0,0,,
WSIDB,0,0,,
CNJN,0,0,,
MLSOB,0,0,,
CYLOA,0,0,,
ESHOA,0,0,,
ATCOB,0,0,,
LPDNI,0,0,,
DDDOA,0,0,,
ISX,0,0,,
YTMQF3,0,0,,
MGTNF,0,0,,
AKNN,0,0,,
AKNOA,0,0,,
PGON,0,0,,
UBINA,0,0,,
WBEN,0,0,,
TNROB,0,0,,
CHKOA,0,0,,
MCTO,0,0,,
KKOR,0,0,,
IPTRA,0,0,,
HRNR,0,0,,
LPDOC,0,0,,
KGLN,0,0,,
GEVOA,0,0,,
NUHDB,0,0,,
CI1DB,0,0,,
ADSN,0,0,,
BASDA,0,0,,
BASDB,0,0,,
CXMN,0,0,,
EN1,0,0,,
MGTRE,0,0,,
RGLN,0,0,,
LAWN,0,0,,
PXXNA,0,0,,
AEVN,0,0,,
BASO,0,0,,
PNLDB,0,0,,
ZLDDG,0,0,,
PEKND,0,0,,
WAMN,0,0,,
HASND,0,0,,
BLGN,0,0,,
CZNN,0,0,,
TD1N,0,0,,
SBMNA,0,0,,
PEKOD,0,0,,
PE1NB,0,0,,
AGYN,0,0,,
SMNNB,0,0,,
HASO,0,0,,
CBAPF,0,0,,
MVLN,0,0,,
AO1N,0,0,,
SMRN,0,0,,
ANZPE,0,0,,
MOQN,0,0,,
AMNBA,0,0,,
GMNNB,0,0,,
BLZO,0,0,,
AGYO,0,0,,
LCKOA,0,0,,
DA1,0,0,,
