Symbol,Security_id,Error_code
14D,0P0001DWIR,100
14DN,,404
1AD,0P00018JPY,100
1AE,0P0001P4BI,100
1AG,0P0000FTSV,100
1CG,0P0001PRAR,100
1MC,0P00006Y0F,100
1ST,0P0001608U,100
1TT,0P00016A4B,100
29M,0P0001MTJR,100
360,0P0001HFR6,100
3DA,0P0001IVCP,100
3DP,0P0000D6LH,100
3MF,,404
3PL,0P00013MF1,100
4DS,0P0000RV1U,100
4DX,0P0001KHAB,100
5EA,0P0001OE30,100
5GG,0P0001LL8Y,100
88E,0P00006WFU,100
8CO,0P00013Y31,100
8IH,0P000152U2,100
8VI,0P0001738P,100
92E,0P0001M4PD,100
A11,0P0001PPJT,100
A1G,0P0001FTMP,100
A1M,0P00006Y1C,100
A1N,0P00006W6T,100
A2B,0P00006WCM,100
A2M,0P00015NU3,100
A3D,0P00018J4P,100
A4N,0P0000A1N6,100
A8G,0P0001M7PO,100
AAC,0P00006W9O,100
AAJ,0P0000O2RT,100
AAP,0P0000A12U,100
AAR,0P00006W8J,100
AAU,0P00006XYV,100
ABA,0P00006X23,100
ABB,0P0001KWHO,100
ABC,0P00006W78,100
ABE,0P0001O0BO,100
ABG,,100
ABV,0P00006Y6O,100
ABX,0P0000MQTZ,100
ABY,0P0001KY8R,100
AC8,0P00006WEB,100
ACB,0P00006XTC,100
ACE,0P0001LI6K,100
ACF,0P0000FXXF,100
ACL,0P0001MG0W,100
ACM,0P0001R7WK,100
ACP,0P0000TE2X,100
ACQ,0P00012XO6,100
ACR,0P00006W73,100
ACS,0P00006XTM,100
ACU,0P00006Y1U,100
ACW,0P0000A1O9,100
AD1,0P0001746X,100
AD8,0P0001B6GU,100
ADA,0P00006W74,100
ADC,0P0001Q8XC,100
ADD,0P00006WTI,100
ADG,0P0000A1EU,100
ADH,0P000165Z2,100
ADN,0P00006W79,100
ADO,0P00006WB6,100
ADR,0P00016J76,100
ADS,0P00006W8M,100
ADT,0P0001D6V4,100
ADV,0P00006XYE,100
ADX,0P00006W98,100
ADY,0P00006W7C,100
AE1,,404
AEE,0P00006XUN,100
AEF,0P00006XUY,100
AEI,0P00006XTY,100
AER,0P00014IG4,100
AEV,0P00006Y33,100
AFA,0P00006W6V,100
AFG,0P000162MF,100
AFI,0P0000PWFX,100
AFL,0P00006WQF,100
AFP,0P0001746Y,100
AFW,0P0000RVL1,100
AGC,0P0001LFPS,100
AGD,0P0000A1O5,100
AGE,0P0000S9EH,100
AGH,0P0001EN61,100
AGI,0P00006W7N,100
AGL,0P00006XTF,100
AGN,0P0001MNML,100
AGR,0P0000CG6S,100
AGY,0P00006XUG,100
AHC,0P00006Y7H,100
AHF,0P00006XTG,100
AHI,0P00016H77,100
AHK,0P0000SV9H,100
AHL,0P0001PT9E,100
AHN,0P0000A1O0,100
AHQ,,404
AHX,0P000173DT,100
AIA,0P00006W97,100
AIB,0P0000PWHG,100
AII,0P0001N0BA,100
AIM,0P0001KOZ8,100
AIQ,0P00007XTX,100
AIS,0P0000SDYX,100
AIV,0P00006XTP,100
AIZ,0P00006W7O,100
AJJ,0P0000A1KQ,100
AJL,0P00006W6O,100
AJQ,0P0000VYN3,100
AJX,0P00006WHD,100
AJY,0P0000X7PN,100
AKE,0P0000A11W,100
AKG,0P00006XZI,100
AKM,0P0000A0UQ,100
AKN,0P0000A1JQ,100
AKO,0P0001LA9V,100
AKP,0P00006XZV,100
AL3,0P0001JHO0,100
AL8,0P0001AHVH,100
ALA,0P00006WGF,100
ALB,0P0001MAQD,100
ALC,0P0000TE37,100
ALD,0P00006WCO,100
ALG,0P00009Y1B,100
ALI,0P00016DVK,100
ALK,0P00006W7V,100
ALL,0P00006W8X,100
ALM,0P0000A1O6,100
ALO,,404
ALQ,0P00006WCP,100
ALT,,404
ALU,0P00006W84,100
ALV,0P0001NDIC,100
ALX,0P0000MZPU,100
ALY,0P0000A1NR,100
AM7,0P0001MRWH,100
AMA,0P00006XU5,100
AMC,0P00006W8E,100
AMD,0P00006Y6U,100
AME,0P0000XAW5,100
AMH,0P0000PWFT,100
AMI,0P0000A0UC,100
AML,0P0000A1ND,100
AMM,0P0001O384,100
AMN,0P0000A1KO,100
AMO,0P00006W8A,100
AMP,0P00006W6Q,100
AMS,0P0001FE73,100
AMT,0P0000A1NQ,100
AMX,0P0001IVB0,100
AN1,0P00006Y2R,100
AND,0P0001J914,100
ANG,0P00006XUS,100
ANL,0P0000A1L3,100
ANN,0P000080EL,100
ANO,0P00006XTU,100
ANP,0P00006W8O,100
ANR,0P00014GA2,100
ANX,0P00006W99,100
ANZ,0P00006W6R,100
AO1,0P0000RYW6,100
AOA,0P0000MPEW,100
AOF,0P00018FJ2,100
AON,0P0000A1NI,100
APA,0P0000A1NH,100
APC,0P0000TVW1,100
APE,0P00006W6S,100
APL,0P00006Y5K,100
APM,0P0001NRIX,100
APS,0P0001OXRT,100
APW,0P0000A1HA,100
APX,0P0001567Y,100
APZ,0P00009Y01,100
AQC,0P00006WZ7,100
AQD,0P00006XUR,100
AQI,0P0000WM3D,100
AQN,0P0001MZB7,100
AQS,0P0000UH2Z,100
AQX,0P00006Y3B,100
AQZ,0P0000UWBD,100
AR1,0P0001NNEE,100
AR3,0P0001MT5B,100
AR9,0P0001EDQX,100
ARA,0P00006W8W,100
ARB,0P00006W6U,100
ARC,0P00009Y1X,100
ARD,0P0000EZ72,100
ARE,,404
ARF,0P0000Z2BY,100
ARG,0P0000PWFV,100
ARL,0P00019EBS,100
ARN,0P0001E2I5,100
ARR,0P0000SP1M,100
ART,0P0001LYEM,100
ARU,0P00006XUE,100
ARV,0P0000A1NB,100
ARX,0P0001KF0D,100
AS2,0P0001MUQ0,100
ASB,0P00006W9F,100
ASE,0P00006W90,100
ASG,0P000197BJ,100
ASH,0P0000ZL9H,100
ASK,,100
ASM,0P0001KFIR,100
ASN,0P0000O4EX,100
ASO,0P0000SDZ0,100
ASP,0P00006W8Z,100
ASQ,0P0000A1MT,100
ASR,0P00006WE5,100
ASW,0P0000FTSO,100
ASX,0P00006W9V,100
AT1,0P0001JOL5,100
ATA,0P0001O57I,100
ATC,0P0000MPEV,100
ATH,0P00006WTP,100
ATM,0P00006XU8,100
ATP,0P00006W96,100
ATR,0P00006W91,100
ATS,0P00018BQZ,100
ATU,0P0000WCS9,100
ATV,0P0001NDWY,100
ATX,0P00011KD0,100
AU1,0P0000A0XO,100
AUA,0P0001MF4M,100
AUB,0P00006W9H,100
AUC,0P0000MQTX,100
AUE,0P0001NJ7L,100
AUG,0P0001QWRM,100
AUH,0P00006Y27,100
AUI,0P0000PWGB,100
AUK,0P0000USYG,100
AUN,0P0001L7LD,100
AUQ,0P0000A1N4,100
AUR,0P00006Y69,100
AUT,0P00006Y3G,100
AUZ,0P00006W9T,100
AV1,0P0000XRI3,100
AVA,0P00015X1D,100
AVC,0P0000TQZL,100
AVD,0P0001O3UT,100
AVE,0P00006Y54,100
AVG,0P00006WOW,100
AVH,0P00006WE0,100
AVJ,0P00006W6X,100
AVL,0P0000A0UD,100
AVM,0P0000A0XP,100
AVR,0P00006Y98,100
AVW,0P0000YB2O,100
AVZ,0P0000A1N1,100
AW1,0P0001O0Y0,100
AWC,0P00006W87,100
AWJ,0P0001LHUI,100
AX1,0P00006Y6A,100
AX8,0P0001CLX8,100
AXE,0P0000A1N0,100
AXI,0P00006WAB,100
AXN,0P00006WIC,100
AXP,0P0000A1NT,100
AYA,0P0001NVCQ,100
AYI,0P0000A1KW,100
AYM,0P0000RVVA,100
AYT,0P0000TE3D,100
AZI,0P0000NJ7A,100
AZJ,0P0000RULP,100
AZL,0P00006X2K,100
AZS,0P0000A1MU,100
AZY,0P0000SVF5,100
B4P,0P0001OAUN,100
BAP,0P00012SUC,100
BAS,0P00006WAM,100
BAT,0P0000X7PM,100
BBC,0P0000VNSM,100
BBL,0P00006WC1,100
BBN,0P00016UFX,100
BBT,0P0001MTJS,100
BBX,0P00006XVA,100
BC8,0P0001CILP,100
BCA,0P0001M4CC,100
BCB,0P00006WUM,100
BCC,0P00006WZB,100
BCI,0P0000A1MS,100
BCK,0P0000S2S0,100
BCN,0P00006XVG,100
BCT,0P0000S0FW,100
BDG,0P0001E4M6,100
BDM,0P0000XMRL,100
BDT,0P0001O4AH,100
BDX,0P0001MYUL,100
BEE,0P00018STC,100
BEL,0P0000PWGL,100
BEN,0P00006WAU,100
BET,0P000173DU,100
BEX,0P0001LN0H,100
BEZ,0P0001NID1,100
BFC,0P00016IS8,100
BFG,0P0000A1MO,100
BFL,0P0001MJCH,100
BGA,0P0000TY3J,100
BGD,0P0001MS9E,100
BGE,0P0001PRDU,100
BGL,0P00006XVZ,100
BGP,0P0001BDAO,100
BGT,0P0001CAG8,100
BHD,0P0001AFHH,100
BHP,0P00006WAE,100
BIM,0P0001P4KN,100
BIO,0P0001NYOF,100
BIR,0P00006XZ8,100
BIS,0P00006W95,100
BIT,0P00006WB9,100
BKG,0P0001L88H,100
BKI,0P0000PWFY,100
BKT,0P00006Y08,100
BKW,0P00006WBZ,100
BKY,0P00006WAY,100
BLD,0P00006WBM,100
BLG,0P00006XVQ,100
BLU,0P00006XYP,100
BLX,0P00012POH,100
BLY,0P00009Y05,100
BLZ,0P00006WBD,100
BM8,0P0001KVKK,100
BME,0P0001O2OX,100
BMG,0P00006Y1X,100
BMH,0P000168OO,100
BML,0P00006Y1I,100
BMM,0P0001MWY1,100
BMN,0P00006XVD,100
BMO,0P0001LXFO,100
BMR,0P0001N0G2,100
BMT,0P0001HPIC,100
BNL,0P00006W8N,100
BNO,,404
BNR,0P0000S0G8,100
BNZ,0P0001LEMA,100
BOA,0P0000V0FY,100
BOC,0P00006WBN,100
BOD,0P00018X7B,100
BOE,0P0000A1LC,100
BOL,0P00006WBL,100
BOQ,0P00006WAK,100
BOT,0P00006WBK,100
BP8,0P00006WRN,100
BPH,0P00006XVK,100
BPM,0P0001LFE6,100
BPP,0P00006Y0X,100
BPT,0P00006WAP,100
BRG,0P00006WKS,100
BRI,0P0001ADW7,100
BRK,0P00006Y5Y,100
BRL,0P0000A0WT,100
BRN,0P0000UI96,100
BRU,0P0000HG7V,100
BRX,0P0001OB8K,100
BSA,0P00006WC3,100
BSE,0P0000GFUI,100
BSL,0P00006WBG,100
BSN,0P0001POA6,100
BSX,0P00019GYX,100
BTC,0P00006WB4,100
BTE,0P0001PE8R,100
BTH,0P0001A109,100
BTI,0P00014MBK,100
BTN,0P0001MUIY,100
BTR,0P00006XTD,100
BUB,0P00006WKI,100
BUD,,404
BUR,0P0001MURI,100
BUS,0P0001POA5,100
BUX,0P0000A1L9,100
BUY,0P00006WBP,100
BVR,0P0001P14J,100
BVS,0P000197EG,100
BWF,0P0000UG8S,100
BWP,0P00009Y06,100
BWX,0P00016Z0S,100
BXB,0P0000A1L5,100
BXN,0P00006WTY,100
BYE,0P00006Y83,100
BYH,0P0001AKTE,100
C1X,0P0001NNEF,100
C29,0P0001NKHO,100
C79,0P0001P08J,100
C7A,0P0000Q5WU,100
CAA,0P00006WCV,100
CAE,0P00006Y5R,100
CAF,0P00006XWL,100
CAG,0P00006WCU,100
CAI,0P00006WT5,100
CAJ,0P00006XW8,100
CAM,0P0000PWG2,100
CAN,0P0001AEYF,100
CAQ,0P00006XWG,100
CAR,0P0000MPEX,100
CAT,0P000151K5,100
CAV,0P0000A1L0,100
CAY,0P0000O2RW,100
CAZ,0P00006WD6,100
CBA,0P00006WEM,100
CBE,0P0001J2HE,100
CBH,0P0001PHJX,100
CBL,0P0001L9R7,100
CBO,0P0001N23T,100
CBR,0P0001ITQ6,100
CBY,0P0001F3UO,100
CCA,0P000189EK,100
CCE,0P00006WD0,100
CCG,0P0001CEMA,100
CCO,0P0001F55K,100
CCP,0P00006WF5,100
CCR,0P0001KYWX,100
CCV,0P00006WD3,100
CCX,0P00006WPF,100
CCZ,0P0000RXMI,100
CD1,0P0000WUNB,100
CD2,0P0000YUKA,100
CD3,0P0001DWHO,100
CDA,0P00006WEC,100
CDD,0P00006XW9,100
CDM,0P0000A1KV,100
CDO,0P0001OMKT,100
CDP,0P00009Y08,100
CDR,0P0001MR07,100
CDT,0P00006XWB,100
CDX,0P00006W92,100
CE1,0P00006Y6E,100
CEL,0P0000A138,100
CEN,0P0000F16L,100
CF1,0P0001LCIU,100
CFO,0P00018BR0,100
CG1,0P0001CEM9,100
CGB,0P0000A0XB,100
CGC,0P00016D5A,100
CGF,0P00006WDH,100
CGO,0P00006WCI,100
CGS,0P00006XX0,100
CHC,0P00009Y0C,100
CHK,0P0000TNY5,100
CHL,0P0001MS9F,100
CHM,0P0001LINK,100
CHN,0P00006XWO,100
CHR,0P0001MUNM,100
CHW,0P0001QVSH,100
CHZ,,404
CI1,0P0000FTSP,100
CIA,0P0000A1HB,100
CII,0P00006WCE,100
CIN,0P0000PWFZ,100
CIO,0P00006W71,100
CIP,0P0000XQ7D,100
CIW,0P00006WNT,100
CKA,0P00006W83,100
CKF,0P0000TPOC,100
CL8,0P00006X1N,100
CLA,0P00006X0W,100
CLB,0P0001FETP,100
CLE,0P00006WCT,100
CLG,0P0001NYOC,100
CLT,0P00006WD9,100
CLU,0P0001L9NH,100
CLV,0P00006WE4,100
CLW,0P00018WF7,100
CLX,0P00007XU4,100
CLZ,0P0000FTSU,100
CMD,0P00006Y0B,100
CMG,0P0001PRDV,100
CMM,0P0000FZ4K,100
CMO,0P0001OCZK,100
CMP,0P00006WEO,100
CMW,0P00006XXL,100
CMX,0P0001O4AF,100
CNB,0P00018LDL,100
CNI,0P00006Y4P,100
CNJ,0P0000A13X,100
CNQ,0P0001MT08,100
CNU,0P0000UP97,100
CNW,0P00006Y1Y,100
COB,0P0001981Y,100
COD,0P0001KUWQ,100
COE,0P00006WEW,100
COF,0P000150K0,100
COG,0P00006Y8N,100
COH,0P00006WE9,100
COI,0P00006XX3,100
COL,0P0001F3YF,100
COO,0P00006WEZ,100
COS,0P0001J4KL,100
COY,0P0000A0XC,100
CPM,0P0001NKHP,100
CPN,0P0001L4VP,100
CPO,0P0001N5F7,100
CPT,,404
CPU,0P00006WEP,100
CPV,0P0001D5YD,100
CQE,0P00009XZX,100
CQR,0P00009Y14,100
CR1,0P0001E075,100
CR9,0P0001MA50,100
CRB,0P0000A1KK,100
CRD,0P0001PY24,100
CRL,0P00006WEJ,100
CRM,0P00006WCW,100
CRN,0P0001EV3X,100
CRR,0P0000RTFE,100
CRS,0P0001EQEY,100
CSE,0P00006XXH,100
CSF,0P0001OLY2,100
CSL,0P00006WCJ,100
CSR,0P00006WCK,100
CSS,0P00006WDY,100
CST,0P0001J5ED,100
CSX,0P0001KY8S,100
CT1,0P00006W7K,100
CTD,0P0000RYIS,100
CTE,0P00006WF9,100
CTM,0P00006XZS,100
CTN,0P0000MQTL,100
CTO,0P00006WDU,100
CTP,0P00006XWI,100
CTQ,0P0001O92P,100
CTT,0P0001LDJ8,100
CTV,,404
CU6,0P0001N5QR,100
CUE,0P00006WFA,100
CUF,0P00006XVX,100
CUL,0P00006WFB,100
CUP,0P0000S0FZ,100
CUS,0P0001N7E9,100
CUV,0P00006WE1,100
CVC,0P00006WCL,100
CVL,0P0001DKLI,100
CVN,0P00006WCZ,100
CVR,0P0001P7VZ,100
CVV,0P00006Y70,100
CVW,0P00006Y2C,100
CWP,0P00006WD7,100
CWX,0P0001CDDT,100
CWY,0P00006X03,100
CXL,0P0001DZLO,100
CXM,0P00006XWM,100
CXO,0P0000S0GN,100
CXU,0P00006Y6S,100
CXX,0P0000TZAW,100
CXZ,0P00006WG8,100
CY5,0P0001CILO,100
CYC,0P0000A1JT,100
CYG,0P00006WF3,100
CYL,0P00006XWD,100
CYM,0P00006W9K,100
CYP,0P0000A1G9,100
CYQ,0P0000A0YB,100
CZN,0P00006WJC,100
CZR,0P00006XXK,100
D2O,0P00018ODB,100
DAF,0P0000U3OX,100
DAL,0P0001NACK,100
DBF,0P0001CJQ1,100
DBI,,100
DBO,0P0001NIJS,100
DC2,0P0001L27Y,100
DCC,0P000080NR,100
DCG,0P00006Y4S,100
DCL,0P00018JIG,100
DCN,0P0000XLEG,100
DCX,0P0000A1GP,100
DDB,0P0001KHGZ,100
DDH,0P0001LVOA,100
DDR,0P0000RYUP,100
DDT,0P00006XXX,100
DEG,0P00006WFL,100
DEL,0P0001M3PP,100
DEM,0P00019ZRR,100
DES,0P0001Q8QS,100
DEV,0P00006Y8A,100
DGH,0P00006WFO,100
DGL,0P0001MJ0L,100
DGR,0P00006XXS,100
DHG,0P0001C6J6,100
DJW,0P0000PWG6,100
DKM,0P00013PDS,100
DLI,0P0001BLMX,100
DLM,0P00006Y7V,100
DM1,0P0001L9NG,100
DMC,0P00006WM6,100
DME,0P0000WHNS,100
DMG,0P0000A1D9,100
DMM,0P0000A16O,100
DMP,0P00006WG0,100
DNA,0P00006X0G,100
DNK,0P00006WXG,100
DOC,0P0001L9DQ,100
DOR,0P0001BPGI,100
DOU,0P0001KT0L,100
DOW,0P00006WG1,100
DRA,0P0001MUTX,100
DRE,0P00006XYW,100
DRO,0P0001809K,100
DRR,0P0001KY8T,100
DRX,0P00006XY1,100
DSE,0P00006WHF,100
DSK,0P0001L032,100
DTC,0P0001IKQE,100
DTI,0P0001517L,100
DTL,0P00006WFJ,100
DTM,0P0000A14I,100
DTR,0P0000TE0S,100
DTZ,0P0000A115,100
DUB,0P00006WRL,100
DUG,0P0001KIHN,100
DUI,0P0000PWG5,100
DUN,0P0001NQGL,100
DUR,0P0001KZ3D,100
DVL,0P00011HAL,100
DVP,0P0000A1I9,100
DVR,0P00006XZZ,100
DXB,0P00006WK1,100
DXC,0P0001BE5T,100
DXI,0P00011D1E,100
DXN,0P0001D3WH,100
DXS,0P00009Y0L,100
DY6,0P0001QVRP,100
DYL,0P00006XXY,100
DYM,0P0001QB79,100
E25,0P00006Y3K,100
E33,0P0001L88G,100
E79,0P0001NHAD,100
EAX,0P0000UD9Q,100
EBG,0P00006WH9,100
EBO,0P000102N9,100
EBR,0P0001NUYV,100
ECF,,100
ECG,0P00014MVV,100
ECL,0P00006WCF,100
ECP,0P00013WL0,100
ECS,0P00006WPP,100
ECT,0P00006WGW,100
EDC,0P00019UAR,100
EDE,0P00006XYD,100
EDU,0P00006Y86,100
EDV,0P0001MPQD,100
EEG,0P0000P8G7,100
EEL,0P0000TK8V,100
EFE,0P0000FTSY,100
EG1,0P0001QK37,100
EGG,0P00006WTA,100
EGH,0P00006Y7D,100
EGL,0P00006WGV,100
EGN,0P0000A1JV,100
EGR,0P0000Q448,100
EGY,0P00006XY4,100
EHE,0P00014ZZ9,100
EHL,0P00006XYJ,100
EIQ,0P0000RYUW,100
EL8,0P00006X1U,100
ELD,0P00006WIB,100
ELE,0P00006WQ7,100
ELS,0P0001AF75,100
ELT,0P0000NJ3V,100
EM2,0P0001CTCI,100
EMB,0P00006XYI,100
EMC,0P00006Y8E,100
EMD,0P0001J7Q9,100
EME,0P00006XYQ,100
EMH,0P0000WEBH,100
EML,0P00006XUU,100
EMN,0P0001EOSN,100
EMP,0P00007XU0,100
EMR,0P00006XYK,100
EMS,0P0001NI4W,100
EMT,0P0000Q2A8,100
EMU,0P0000A1WD,100
EMUCA,,404
EMV,0P0001F5BI,100
ENA,0P0000TPW8,100
ENN,0P00013MZ5,100
ENR,0P00006XYN,100
ENT,0P0000A134,100
ENV,0P0000A1K1,100
ENX,0P00006Y3C,100
EOF,0P0001H5FJ,100
EOL,0P0000A14A,100
EOS,0P00006WGJ,100
EP1,0P0001DAMR,100
EPM,0P0000Q43X,100
EPX,0P0001MF0A,100
EPY,0P0000NJ8G,100
EQE,0P00006WD4,100
EQN,0P0001NJK0,100
EQR,0P00006Y13,100
EQS,0P0001OOF9,100
EQT,0P00006WH1,100
EQX,0P00006WG9,100
ERA,0P00006WGQ,100
ERD,0P0001KQY5,100
ERG,0P00006Y64,100
ERL,0P0000A146,100
ERM,0P0000A145,100
ERW,0P0001LCB0,100
ESK,0P0000X0O8,100
ESR,0P0000W8I7,100
ESS,0P00006Y56,100
ETM,0P00006Y7R,100
ETR,0P00006XVC,100
EUR,0P0000Q6F8,100
EV1,0P0001NRP3,100
EVE,0P00006XYR,100
EVG,0P0001CF7Q,100
EVN,0P00006X20,100
EVO,0P00014ZZA,100
EVR,0P00006WVE,100
EVS,0P0000A124,100
EVT,0P00006W89,100
EVZ,0P00006WGX,100
EWC,0P00006WGR,100
EX1,0P0001FBIF,100
EXL,0P0001CHVA,100
EXP,0P00015HLX,100
EXR,0P00006XYH,100
EYE,0P00006WGN,100
EZL,0P00006WHC,100
EZZ,0P0001LU2S,100
FAL,0P0001O57L,100
FAR,0P00006WHR,100
FAU,0P00006WU5,100
FBM,0P0000TPW9,100
FBR,0P00006WG4,100
FBU,0P00006WHW,100
FCL,0P0001I8D9,100
FCT,0P0000T33Z,100
FDR,0P0001OSH4,100
FDV,0P00018KRC,100
FEG,0P0001O9X3,100
FEX,0P0000A0WW,100
FFF,0P0001KM3B,100
FFG,0P00006XUL,100
FFI,0P00006XZ0,100
FFT,0P000111IY,100
FFX,0P0000A142,100
FG1,0P0001MPLF,100
FGG,0P00016N7N,100
FGH,0P00006XUD,100
FGL,0P00006Y6Y,100
FGR,0P00006WZQ,100
FGX,0P00009XZZ,100
FHE,0P0000MQTT,100
FHS,0P00006WLD,100
FID,0P00006WHP,100
FIN,0P00006Y3I,100
FLC,0P0000A0X7,100
FLN,0P000101L2,100
FLT,0P00006WHX,100
FLX,0P0001LHIR,100
FME,0P0001MPTB,100
FMG,0P00006WI4,100
FML,0P00006WHY,100
FND,0P00006WU8,100
FNX,0P0000A118,100
FOR,0P0001B8CI,100
FOS,0P0001MMB1,100
FPC,0P00019ZA6,100
FPH,0P00006WHU,100
FPP,0P0001BRYX,100
FPR,0P00015RP6,100
FRB,0P0001LXW7,100
FRE,0P0001OCZL,100
FRI,0P00006WHQ,100
FRM,0P00006WHN,100
FRS,0P0001ND16,100
FRX,0P000167KS,100
FSA,0P00006WHK,100
FSF,0P0000XO3M,100
FSG,0P00006XZE,100
FSI,0P0000PWG9,100
FTC,0P0000XMY1,100
FTL,0P0001ONG9,100
FTZ,0P0000ZAS8,100
FWD,0P00006WHV,100
FXG,0P0001OAYA,100
FYI,0P00006WXB,100
FZR,0P00006WHB,100
G1A,0P0001B8EJ,100
G50,0P0001N1HH,100
G6M,0P00006WN0,100
G88,0P0001AOO0,100
GAL,0P0001D9UL,100
GAP,0P00006WII,100
GAS,0P0001BRPQ,100
GBE,0P00006XZY,100
GBR,0P00018P8M,100
GBZ,0P0000A13S,100
GC1,0P00016H76,100
GCI,0P0001FVCQ,100
GCM,0P0000A0YE,100
GCR,0P00006Y00,100
GCX,0P0000TDIN,100
GCY,,404
GDA,0P0000A1JI,100
GDC,,100
GDF,0P00016BDU,100
GDG,0P0000A0XA,100
GDI,0P0000UI10,100
GED,0P00006WJ0,100
GEM,0P0000A14C,100
GEN,0P0001LVOB,100
GES,0P0000MPEU,100
GFL,0P0000PWGN,100
GGE,0P00006W85,100
GGX,0P00006XZJ,100
GHY,0P0001QCG4,100
GIB,0P0000FZ4I,100
GL1,0P0001MD0G,100
GLA,0P00006XZR,100
GLB,0P00006WIW,100
GLE,0P00006XZH,100
GLH,0P00006X27,100
GLL,0P00006WGD,100
GLN,0P0000TDEO,100
GLV,0P00006XVE,100
GMD,0P0000A13M,100
GMG,0P0000A13L,100
GML,0P00006WIK,100
GMN,0P0000SUVY,100
GMR,0P0000A13K,100
GNC,0P00006WJ9,100
GNE,0P00012I8Q,100
GNG,0P0000SVN7,100
GNM,0P0000A1JK,100
GNP,0P0001LAKA,100
GNX,0P000169SO,100
GO2,0P0001BMV4,100
GOR,0P00006XYF,100
GOW,0P00006WJ8,100
GOZ,0P0000A11R,100
GPR,0P00006XZN,100
GPS,,404
GPT,0P00009Y0S,100
GQG,0P0001NMTG,100
GRE,0P0001O1RU,100
GRL,0P0001IXMM,100
GRLN,,404
GRR,0P00006WJA,100
GRV,0P00006WJK,100
GRX,0P00006Y5G,100
GSM,0P0001ERAH,100
GSN,0P0000SPH8,100
GSR,0P00006WAL,100
GSS,0P000153VC,100
GT1,0P0001NMWK,100
GTE,0P0000A1JG,100
GTG,0P00006WIO,100
GTI,0P0000G0FL,100
GTK,0P00013EGF,100
GTN,0P000184IU,100
GTR,0P0000A1JE,100
GUD,0P00006WIF,100
GUL,0P00006WJO,100
GVF,0P00015EKK,100
GW1,0P00006XVF,100
GWA,0P00006WIH,100
GWR,0P00006Y02,100
H2G,0P00006XZ6,100
HAL,0P0001OR14,100
HAR,0P0001O3EJ,100
HAS,0P0000A0WR,100
HAV,0P00006WK7,100
HAW,0P00006WJE,100
HCD,0P00006Y5L,100
HCF,0P0001PWM0,100
HCH,0P0000NE1Z,100
HCT,0P00006XX1,100
HCW,0P0001N7E7,100
HDN,0P0001L5T7,100
HE8,0P0000Q5VM,100
HFR,0P0000V43M,100
HFY,0P00019GXW,100
HGH,0P0001EWLQ,100
HGL,0P00006WKU,100
HGO,0P00006WKJ,100
HGV,0P000153AC,100
HHR,0P0001MKA4,100
HIL,,404
HIO,0P0000A0YP,100
HIQ,0P0001MP60,100
HIT,0P00006WKG,100
HLA,0P0001EHN2,100
HLI,0P00012ZY8,100
HLO,0P00006WMK,100
HLS,0P00006WTU,100
HLX,0P00006WK9,100
HM1,0P0001F1ZP,100
HMC,0P0001O4MF,100
HMD,0P0001F62K,100
HMG,0P0001NNEH,100
HMI,0P0001MC4R,100
HMX,0P00006WPD,100
HMY,0P0001L5LX,100
HNG,0P00006WJR,100
HNR,0P00006Y0H,100
HOR,0P0000P7P8,100
HPC,0P0001O0Y1,100
HPG,0P0001L2OO,100
HPI,0P00011GWV,100
HPP,0P00006WC4,100
HPR,0P0000A1ME,100
HRE,0P0001PM6F,100
HRN,0P00019E9T,100
HRZ,0P00006WM5,100
HSN,0P00006WJY,100
HT8,0P00006WYJ,100
HTA,,100
HTG,0P00017VGV,100
HTM,0P0001QBHR,100
HUB,0P0000A140,100
HUM,0P00009Y0Q,100
HVM,0P0001IXMK,100
HVN,0P00006WK4,100
HVY,0P0001NA1N,100
HXG,0P0000HR5R,100
HXL,0P0001L81X,100
HYD,0P00006WW0,100
HYT,0P00006XVT,100
HZN,0P00006WKR,100
HZR,0P000171FJ,100
IAG,0P00006WLV,100
IAM,0P00006WUH,100
IBC,0P0000PWGA,100
IBG,0P00006Y1H,100
IBX,0P0001AJO3,100
ICE,0P0001IWRI,100
ICG,0P0000FTSX,100
ICI,0P00016MSV,100
ICL,0P0001M4HW,100
ICN,0P00006WLE,100
ICR,0P0001JZ14,100
ID8,0P0001EKAU,100
IDA,0P00006WJ6,100
IDT,0P00006WLU,100
IDX,0P00016RX0,100
IEC,0P0000A1NA,100
IEL,0P000170FJ,100
IEQ,0P00006WM8,100
IFL,0P00006WL8,100
IFM,0P00006WLS,100
IFT,0P0000SP1L,100
IG6,0P0001OR11,100
IGL,0P0001738N,100
IGN,0P00006WCR,100
IGO,0P00006WLN,100
IHL,0P0000A1H3,100
IIQ,0P00006WHA,100
IKE,0P000197Z3,100
ILA,0P0001M3JG,100
ILT,0P0001R7W3,100
ILU,0P00006WLF,100
IMA,0P00006WLG,100
IMB,0P00006Y3X,100
IMC,0P00006W8G,100
IMD,0P00006WLH,100
IME,0P00006XUW,100
IMI,0P0001O1SM,100
IMM,0P00006WTT,100
IMR,0P0001IC2Z,100
IMU,0P00006WLL,100
INA,0P0000WB4H,100
IND,0P0001MWKQ,100
INF,0P0000SV9G,100
ING,0P000195ED,100
INL,0P0001FKOV,100
INP,0P000146BR,100
INR,0P0000A1JH,100
INV,0P00006WM9,100
IOD,0P00006Y4V,100
IOU,0P00006WRG,100
IPB,0P0000YK17,100
IPC,0P00006WAS,100
IPD,0P0000A1IS,100
IPG,0P0001O3UZ,100
IPH,0P00014MBL,100
IPL,0P00006WLM,100
IPT,0P0000A1IN,100
IPX,0P0001BVEF,100
IR1,0P0001N9NP,100
IRD,0P0000FTT7,100
IRE,0P00006WMB,100
IRI,0P00006WM0,100
IRX,0P00019A4I,100
IS3,0P00019HNH,100
ITM,0P0001NKHR,100
IVC,0P00006WMA,100
IVO,,404
IVR,,404
IVT,0P00006WJL,100
IVX,0P0000MQTW,100
IVZ,0P0000V0CI,100
IXC,0P0001HYSP,100
IXR,0P00006WHJ,100
IXU,0P0001C29M,100
JAL,0P0000A1IB,100
JAN,0P00006WJW,100
JAT,,404
JAV,0P0000WUNV,100
JAY,0P0001CH94,100
JBH,0P00006WMC,100
JCS,0P00006WXY,100
JDO,0P0001NNEJ,100
JGH,0P00006WL2,100
JHG,0P00006WKA,100
JHX,0P00006WMI,100
JIN,0P00006WMQ,100
JLG,0P0001BU4U,100
JMS,0P0001D4SW,100
JNO,0P0001LY3W,100
JPR,0P00006Y1K,100
JRL,0P00006WML,100
JRV,0P00006WMJ,100
JTL,0P000174S1,100
JXT,0P0000PX5R,100
JYC,0P00006WMO,100
K2F,0P0000A0X6,100
KAI,0P00006Y35,100
KAL,0P0001NQRL,100
KAM,0P0000A1I6,100
KAR,0P00006Y1O,100
KAT,0P00011J53,100
KAU,0P0001JBP0,100
KBC,0P00006WOO,100
KCC,0P0001M0YS,100
KCN,0P00006WN2,100
KDY,0P00006XZW,100
KED,0P0001MLHS,100
KEY,0P0000A1HU,100
KFM,0P0001LAN1,100
KGD,0P0000RTFO,100
KGL,0P00006Y1Q,100
KGN,0P00018BJE,100
KIL,0P00006Y6M,100
KIN,0P0000X6GV,100
KKC,0P0001ITHK,100
KKO,0P0000TNY4,100
KLI,0P0001OB86,100
KLL,0P00019GXX,100
KLO,,404
KLR,0P00006WRM,100
KLS,0P0000ZR3M,100
KMD,0P0000MQU1,100
KME,0P00006WN3,100
KNB,0P0001N6KT,100
KNG,0P0001P7R8,100
KNI,0P0001N52W,100
KNM,0P00006WO5,100
KNO,0P00016N2T,100
KOB,0P0001ONFZ,100
KOR,0P00006Y1S,100
KOV,0P00006WN5,100
KP2,0P0001C2KL,100
KPG,0P0001AO81,100
KPO,0P00006X1G,100
KRM,0P0000A0YD,100
KRR,0P0000A11D,100
KSC,0P00006WMS,100
KSL,0P00016ECN,100
KSN,0P00006WYQ,100
KSS,,404
KTA,0P0000XMMN,100
KTG,0P0000X4QQ,100
KYP,0P00016HNL,100
KZA,0P00006WR6,100
KZR,0P000198ZD,100
L1M,0P0001Q331,100
LAM,0P0000Y4GL,100
LAU,0P00006WNO,100
LAW,0P00006Y7P,100
LBL,0P0000A1HM,100
LBT,0P00006Y1T,100
LCE,0P00006WNU,100
LCL,0P0000A0YX,100
LCT,,404
LCY,0P0000FTT6,100
LDR,0P0001MTJU,100
LDX,0P0001MTXK,100
LEG,0P00006WNE,100
LEL,0P0001MHXS,100
LEX,0P00006X0H,100
LFG,,100
LFS,0P0001IL79,100
LGI,0P0001PTRR,100
LGL,0P0001M1IA,100
LGM,0P0001N5XI,100
LGP,0P0001J7PT,100
LHM,0P00006XUH,100
LIC,0P00006WQ8,100
LIN,0P00006Y20,100
LIO,0P00006WNP,100
LIS,0P0001NEL0,100
LIT,0P0000A111,100
LKE,0P00006WN9,100
LKO,0P00006WNA,100
LKY,0P0001MV2I,100
LLC,0P00006WNH,100
LLI,0P0001MNX3,100
LLL,0P0001P9KA,100
LLO,0P0000ZR9A,100
LM1,0P0001QKN8,100
LM8,0P0001MOS7,100
LMG,0P00006WNC,100
LML,0P0000A1HK,100
LNK,0P00016U95,100
LNR,0P00006XZF,100
LNU,0P0000TM7I,100
LNW,0P0001R0GH,100
LOM,0P0000A1HI,100
LOT,0P0000J5WL,100
LOV,0P000152D4,100
LPD,0P00006XUJ,100
LPE,0P0000UHFW,100
LPI,0P000185GW,100
LPM,0P0001OWD7,100
LRD,0P0001OQY1,100
LRK,0P00006Y3J,100
LRL,0P00006Y37,100
LRS,0P0000PX5Q,100
LRT,0P0001DK8J,100
LRV,0P0001O0BP,100
LSA,0P00006WZT,100
LSF,0P0001D6HW,100
LSR,0P0000A1HD,100
LSX,0P0000Y81G,100
LTR,0P0000A1HC,100
LU7,0P0000U9IB,100
LV1,0P0001L9AQ,100
LVE,0P00014ZZ8,100
LVH,0P000185TD,100
LVT,0P00006WYS,100
LYC,0P00006WO1,100
LYK,0P0001NLFV,100
LYL,0P00006WO0,100
LYN,0P0001NSU9,100
M24,0P0001LL3N,100
M2M,0P0001N7PE,100
M2R,0P0001KVKJ,100
M3M,0P0001MZBG,100
M4M,0P00006WBS,100
M7T,0P00006Y6P,100
M8S,0P0001IVSK,100
MAD,0P0001IH49,100
MAF,0P0001A3XU,100
MAG,0P0001A166,100
MAH,0P00006WOA,100
MAM,0P0001D6V3,100
MAN,0P00006Y3L,100
MAP,0P0001OS40,100
MAQ,0P00006WOE,100
MAT,0P00006Y1N,100
MAU,0P0000A0Z8,100
MAUCA,0P0000P8FL,100
MAY,0P00006Y2Z,100
MBH,0P00006Y1J,100
MBK,0P0000T3CX,100
MBX,0P0001O8MY,100
MCA,0P0000SRUK,100
MCE,0P0000MQTR,100
MCL,0P0001IWI4,100
MCM,0P00006WIG,100
MCP,0P00006WOX,100
MCT,0P00006Y5E,100
MCX,0P00006Y2J,100
MCY,0P0000YIA8,100
MDC,0P000162ZQ,100
MDI,0P0000RYUT,100
MDR,0P0000TCVS,100
MDX,0P00006Y32,100
ME1,0P00018V2J,100
MEA,0P000173NC,100
MEB,0P00006WB3,100
MEC,0P0001AET1,100
MEG,0P0001KYKB,100
MEI,0P00006Y2Y,100
MEL,0P00007Z6X,100
MEM,0P0000A11G,100
MEU,0P0000A0YA,100
MEZ,0P0000ZT98,100
MFD,0P0001976L,100
MFF,0P0000PWGQ,100
MFG,0P0000A0Z2,100
MGA,0P0001PB4S,100
MGF,0P0001L85P,100
MGH,0P0001L8TJ,100
MGL,0P00006W7I,100
MGR,0P00009Y17,100
MGT,0P00006Y6J,100
MGU,0P00006WOK,100
MGV,0P0000SPH9,100
MGX,0P00006WQ2,100
MHC,0P0000A1OG,100
MHI,0P00006WP4,100
MHJ,0P000188J3,100
MHK,0P0001IVSJ,100
MI6,0P0001NGFX,100
MIH,,404
MIL,0P00016YXH,100
MIN,0P00006Y34,100
MIO,0P0001IVCQ,100
MIR,0P0000PWGD,100
MKG,0P0001CXJ4,100
MKL,0P0001M65W,100
MKR,0P0001AHBC,100
MLG,0P0001MBE5,100
MLM,0P00006Y2W,100
MLS,0P00006Y2X,100
MLX,0P00006WBH,100
MM1,0P0001N7E8,100
MM8,0P0001LYZA,100
MMA,0P0001OXRP,100
MMC,0P0001N7ID,100
MME,0P0001IW3J,100
MMI,0P0000MQTP,100
MMM,0P0001DW4T,100
MMR,0P00006Y2A,100
MMS,0P00006Y2N,100
MNB,0P0000Q2GY,100
MND,0P00006WPT,100
MNS,0P00006Y89,100
MOB,0P0001AE3D,100
MOH,0P0001EOM8,100
MOM,0P00006W7F,100
MOT,0P0001HEI3,100
MOV,0P0001PC07,100
MOZ,0P00006WQY,100
MP1,0P000176AO,100
MPA,0P0001LZPH,100
MPG,0P0001OK6E,100
MPL,0P00014IG3,100
MPP,0P00013SOX,100
MPR,0P00006WYV,100
MPX,0P00014Z8H,100
MQG,0P00006WOC,100
MQR,0P00019USH,100
MRC,0P00006WPJ,100
MRD,0P00006XTK,100
MRI,0P0001O3V5,100
MRL,0P0001BJN3,100
MRM,0P00006WP5,100
MRQ,0P0000TE36,100
MRR,0P0000UI14,100
MRZ,0P0001HFAV,100
MSB,0P00006Y2V,100
MSG,0P0000UQ16,100
MSI,0P00006WQ3,100
MSV,0P0000TRTK,100
MTB,0P00006WQ1,100
MTC,0P00019KKI,100
MTH,0P00006Y3A,100
MTM,0P0001MXBW,100
MTO,0P00017PWW,100
MTS,0P00006WP9,100
MVF,0P00013EGM,100
MVL,0P00017TZM,100
MVP,0P00006Y2Q,100
MWY,0P00019BM9,100
MX1,0P0001746W,100
MXC,0P0000A1J8,100
MXI,0P00006WOU,100
MXO,0P0000SPHC,100
MXR,0P00006Y2M,100
MXT,0P0001BRM2,100
MYE,0P0000NQD8,100
MYG,0P00006W7Z,100
MYR,0P0000MPER,100
MYS,0P0000NIOD,100
MYX,0P0000A1J4,100
MZZ,0P00019V3Q,100
N1H,0P00017MSI,100
NAB,0P00006WQA,100
NAC,0P00014M2E,100
NAE,0P00006Y3V,100
NAG,0P00006Y4T,100
NAM,0P00006WQ9,100
NAN,0P0000A113,100
NBI,0P0001EO1R,100
NC1,0P0001O8QQ,100
NC6,0P0001BT28,100
NCC,0P0000YRKY,100
NCK,0P00006WQU,100
NCM,0P00006WQO,100
NCR,0P00006WYH,100
NEC,0P00011FO1,100
NES,0P0000G1K6,100
NET,0P0000PVPL,100
NEU,0P00006Y3T,100
NFL,0P0001ONCK,100
NGE,0P0000A119,100
NGI,0P00006Y0E,100
NGL,0P0001PXPC,100
NGS,0P0001KYK5,100
NGX,0P0001QRA2,100
NGY,0P00006WQK,100
NHC,0P00006WQL,100
NHE,0P0001OSH3,100
NHF,0P0000A11C,100
NIC,0P0001E1YO,100
NIM,0P0001NTS8,100
NIS,0P0001NHAE,100
NKL,0P0001MDFK,100
NME,0P0000A11E,100
NML,0P0000SGYJ,100
NMR,0P0001L1RK,100
NMT,0P00006WV1,100
NNG,0P0001LIXF,100
NNL,0P0001P5HA,100
NOL,0P0001MZ5D,100
NOR,0P00006WPU,100
NOU,0P00006WX9,100
NOV,0P000179Y6,100
NOX,0P0001877F,100
NPM,0P0000SUH5,100
NPR,0P0001O0BQ,100
NRX,0P0001BQU1,100
NRZ,0P00006Y2H,100
NSB,0P0001DK3E,100
NSC,0P0000PWG4,100
NSM,0P0001KPAZ,100
NSR,0P0000UW96,100
NST,0P00006Y45,100
NSX,0P00006Y3P,100
NTD,0P0001CDNI,100
NTI,0P00018PZS,100
NTL,0P00006WKD,100
NTM,0P00006Y62,100
NTU,0P0000A11H,100
NUC,0P0001IV36,100
NUF,0P00006WR7,100
NUH,0P0000N45B,100
NVA,0P00006WUE,100
NVU,0P0001EWLL,100
NVX,0P000172OE,100
NWC,0P00006XXD,100
NWF,0P0000WCJ2,100
NWH,0P0000A11K,100
NWL,0P0001C8UR,100
NWM,0P0001EVVF,100
NWS,0P0000YZNW,100
NWSLV,0P0000YZNV,100
NXD,0P0000J33O,100
NXG,0P0001MTXF,100
NXL,0P0001L9DP,100
NXM,0P0000A1J6,100
NXS,0P0001H9ZX,100
NXT,0P0000RYF6,100
NYM,0P0001OTGO,100
NYR,0P0001J2QK,100
NZK,0P00018WF1,100
NZM,0P00018876,100
NZO,0P00006WQN,100
NZS,0P0000A1OE,100
OAK,0P0000A1OD,100
OAR,0P00006XZT,100
OAU,0P00006WZK,100
OBL,0P00006WL6,100
OBM,0P00006Y3E,100
OCA,0P0001AFGS,100
OCC,0P00013NPU,100
OCL,0P00006WRF,100
OCN,0P0001P6AQ,100
OCT,0P0001PPVK,100
OD6,0P0001PA4M,100
ODA,0P00006WX6,100
ODM,0P0000O4ZN,100
ODY,0P00006Y4D,100
OEC,0P00006WRT,100
OEL,0P00006Y4O,100
OEQ,0P0000PWGE,100
OFX,0P0000ZQ4P,100
OIL,0P00006WRS,100
OJC,0P0000VOEC,100
OKJ,0P0000FTTE,100
OKR,0P0001BIEU,100
OLH,0P00006WRK,100
OLI,0P0001ALZ3,100
OLL,0P0001IUW0,100
OLY,0P0001BJDY,100
OM1,0P0001OLVZ,100
OMA,0P0001PUMV,100
OMH,0P00006WRC,100
OML,0P00015223,100
OMX,0P0001NVCL,100
ONE,0P00017MRP,100
OOK,0P00006W7H,100
OPA,,404
OPH,0P0001FION,100
OPL,0P00006WPV,100
OPN,0P0001MYUG,100
OPT,0P00006WDR,100
OPY,,404
ORA,0P00011FNI,100
ORG,0P00006WRX,100
ORI,0P00006WRW,100
ORM,0P0000A12P,100
ORN,0P00006WJ5,100
ORR,0P0000TQE6,100
OSL,0P00006Y3U,100
OSM,0P0001OTTR,100
OSX,0P0001IFZA,100
OXT,0P0001OBF1,100
OZM,0P0001LMEO,100
OZZ,0P0001MTXL,100
PAA,0P00006WT6,100
PAB,0P0000A120,100
PAC,0P00006X07,100
PAI,0P00016MSU,100
PAM,0P0001KR1N,100
PAN,0P00006WW6,100
PAR,0P000153AB,100
PAT,0P0001Q6YR,100
PBH,0P0001HQVL,100
PBL,0P0001NSLF,100
PBP,0P0000A121,100
PCG,0P00006WKW,100
PCI,0P0001HZ53,100
PCK,0P0000VNW7,100
PCL,0P00006WSK,100
PDI,0P0000RVVB,100
PDN,0P00006WSE,100
PE1,0P0001HFD9,100
PEB,0P0001NF2N,100
PEC,0P0000XF8D,100
PEK,0P0000A126,100
PEN,0P00006WST,100
PET,0P00006WT9,100
PEX,0P0000A128,100
PFE,0P0001N0G4,100
PFG,0P0000A12A,100
PFP,0P0001C968,100
PFT,0P00006WEA,100
PGC,0P00006WDV,100
PGD,0P0001LYEO,100
PGF,0P00011Q69,100
PGG,0P0001IT16,100
PGH,0P00011J35,100
PGL,0P0001HQGW,100
PGM,0P00006Y5C,100
PGO,0P0001MV2J,100
PGY,0P00006XZ2,100
PH2,0P0001PGJA,100
PHL,0P0001M4DD,100
PHO,0P0000MQTJ,100
PIA,0P0000PWGO,100
PIC,0P00015ID4,100
PIL,0P0000FTT0,100
PIM,0P0001ON4H,100
PIQ,0P000151K6,100
PKD,0P0001CC1L,100
PKO,0P0000MQTO,100
PL3,0P0001Q8XA,100
PL8,0P0001ADVK,100
PLG,0P0001N9SO,100
PLL,0P00006X1B,100
PLS,0P0000A1H8,100
PLT,0P0001KR1J,100
PLY,0P0001LD53,100
PMC,0P0000PWGT,100
PME,0P00006WTX,100
PMT,0P0001Q75O,100
PMV,0P00006WTS,100
PNC,0P0001304Q,100
PNI,0P0000A0US,100
PNM,0P00006WOL,100
PNN,0P00006Y50,100
PNR,0P00006WDQ,100
PNT,0P0001O0Y2,100
PNV,0P00006WP6,100
PNX,0P0000A0X5,100
PO3,0P0000RYUY,100
POD,0P0001CQ1O,100
POL,0P0001MSDB,100
POS,0P00006WQT,100
POW,0P0000A1GS,100
PPC,0P00006WSQ,100
PPE,0P0001C8WH,100
PPG,0P00006Y4R,100
PPK,0P00006WS5,100
PPL,0P00016ALQ,100
PPM,0P0001MJCI,100
PPS,0P00006Y5F,100
PPT,0P00006WT0,100
PPY,0P00006Y4U,100
PR1,0P0001OOC9,100
PRL,0P00006XUX,100
PRM,0P00006WY7,100
PRN,0P00006W9B,100
PRO,0P00006WU3,100
PRS,0P0001L7X1,100
PRT,0P00006WTW,100
PRU,0P00006Y51,100
PRX,0P00006XTE,100
PSC,0P0000MQTU,100
PSI,0P0001759U,100
PSL,0P00006Y8D,100
PSQ,0P00014O00,100
PTL,0P00006WYP,100
PTM,0P00009Y1H,100
PTR,0P00006Y53,100
PTX,0P00006X11,100
PUA,0P00006Y0O,100
PUR,0P0000GBAD,100
PV1,0P00006Y8U,100
PVE,0P00006WTH,100
PVL,0P00018QIE,100
PVS,0P0001DVLZ,100
PVT,0P0001D25T,100
PVW,0P0001LOI3,100
PWH,0P000170QK,100
PWN,0P0000SVF6,100
PWR,0P0001M9RU,100
PXA,0P0001MT1H,100
PXS,0P00006WT7,100
PXX,0P0001850Q,100
PYC,0P00006Y55,100
QAL,0P0001O49N,100
QAN,0P00006WUB,100
QBE,0P00006WU7,100
QEM,0P0001EKKG,100
QFE,0P0001HX09,100
QGL,0P00011KD1,100
QHL,0P00006Y5T,100
QIP,0P00018LI4,100
QML,0P0001MD0H,100
QOR,0P00018K2E,100
QPM,0P0000D6CR,100
QRI,0P0001FDW0,100
QUB,0P0000A1HT,100
QUE,0P00006WUJ,100
QVE,0P00014MX7,100
QXR,0P0000SB00,100
R3D,0P00006Y8I,100
R8R,0P0001PC2L,100
RAC,0P00018BYZ,100
RAD,0P0001NXWJ,100
RAG,0P00006XY3,100
RAN,0P00018E9B,100
RAS,0P0000O89D,100
RB6,0P0001O10K,100
RBD,0P0001BOZC,100
RBL,0P0001816T,100
RBR,0P0000A12R,100
RBX,0P0001MW7D,100
RC1,0P00006Y07,100
RCE,0P00016R84,100
RCL,0P0001CNXQ,100
RCR,0P0001LDPE,100
RCT,0P00009Y1K,100
RCW,0P0001BLIJ,100
RDG,0P0000SY1W,100
RDM,0P00006Y60,100
RDN,0P00006WP1,100
RDS,0P00006Y63,100
RDX,0P0001R6JP,100
RDY,0P0001H9MM,100
REA,0P00006X2Q,100
REC,0P0001NGZA,100
RED,0P00006WUX,100
REE,0P0000A1KN,100
REG,0P0000BI9U,100
REH,0P00006WV0,100
REM,0P0001NIJI,100
REP,0P0001NLA9,100
REX,0P00006WV4,100
REY,0P00006Y6D,100
REZ,0P00006Y5X,100
RF1,0P0001HV6J,100
RFA,0P0001C5WN,100
RFF,0P00012HH6,100
RFG,0P00006Y6B,100
RFT,0P00006WL3,100
RFX,0P0000RYFE,100
RG8,0P0001ISDQ,100
RGI,0P00019K0K,100
RGL,0P0001BKN2,100
RGN,0P0000X6T2,100
RGS,0P0000ZJ5Y,100
RHC,0P00006WUP,100
RHI,0P00006Y5Z,100
RHK,0P00006XZC,100
RHT,0P00006WV8,100
RHY,0P0001CCD6,100
RIC,0P00006WVF,100
RIE,0P0000S0G3,100
RIM,0P00006WVG,100
RIO,0P00006WVI,100
RKN,0P00006WUV,100
RKT,0P0001DBKC,100
RLC,0P0000A12V,100
RLF,0P0001OT2E,100
RLG,0P00018U6Y,100
RLT,0P0001HP49,100
RMC,0P00006WKP,100
RMD,0P00006Y68,100
RMI,0P00006WV9,100
RML,0P0001BHI2,100
RMS,0P00006WUO,100
RMX,0P0000TPN7,100
RMY,0P0001DVV0,100
RND,0P00006WUQ,100
RNE,0P00006WIP,100
RNO,0P0000A1JA,100
RNT,0P00006WWL,100
RNU,0P0000RYUU,100
RNX,0P0000A11Y,100
ROC,0P0001NYBL,100
ROG,0P0000A12Y,100
RON,0P0001O1ST,100
ROO,,404
RPG,0P00006WUT,100
RPL,0P0001HSSF,100
RPM,0P00006X2F,100
RR1,0P00006WDG,100
RRL,0P0000NK8A,100
RRR,0P0001ND1U,100
RSG,0P00006WV7,100
RSH,0P0000A1HO,100
RTE,,404
RTG,0P00013BKP,100
RTH,0P0001NTSQ,100
RTR,0P0000TE3C,100
RUL,0P0000FWXA,100
RVR,,404
RVS,0P0001F62J,100
RVT,0P0001Q37C,100
RWC,0P00017TZK,100
RWD,0P00006WVD,100
RWL,0P0001N7HX,100
RXH,0P00014D07,100
RXL,0P00006Y6I,100
RXM,0P0000A135,100
RYD,0P00016QAJ,100
RZI,0P0001DJR7,100
S2R,0P00016NM7,100
S32,0P0001608R,100
S3N,0P0001OFBQ,100
S66,0P0001D9UO,100
SAN,0P0000UWB3,100
SAU,0P00006Y76,100
SB2,0P0001MP61,100
SBM,0P00006WXN,100
SBR,0P00006WW3,100
SBW,0P0001EVQO,100
SCG,0P0000RYFB,100
SCL,0P0000G6QN,100
SCN,0P0000A12M,100
SCT,0P0001ABI2,100
SDF,0P0000Z82C,100
SDG,0P00006WYC,100
SDI,0P00006WVU,100
SDR,0P0001NPHJ,100
SDV,0P00006WLW,100
SE1,0P00019HNG,100
SEC,0P0001CBNO,100
SEG,0P00006WSA,100
SEK,0P00006WWJ,100
SEN,0P00006WWN,100
SEQ,0P00006WOY,100
SER,0P00006WGC,100
SES,0P00006WCX,100
SFC,0P00006WWF,100
SFG,0P00006WCG,100
SFM,0P0000TE33,100
SFR,0P00006Y6Q,100
SFX,0P0000RXMJ,100
SGA,0P0001OS42,100
SGC,0P00006XV0,100
SGF,0P00012B25,100
SGI,0P0001EKAV,100
SGLLV,0P0001H71L,100
SGM,0P00006Y71,100
SGP,0P00009Y1R,100
SGQ,0P0000Q43Z,100
SGR,0P0000TE32,100
SHA,0P0001O3UY,100
SHE,0P00006Y0G,100
SHG,0P0001LM3T,100
SHJ,0P0000YU0E,100
SHL,0P00006WXE,100
SHM,0P000169B1,100
SHN,0P00006WSR,100
SHO,0P0000FTTG,100
SHP,0P00018TCK,100
SHV,0P00006WWK,100
SI6,0P0000A1LG,100
SIG,0P00006WWU,100
SIH,0P00006Y4N,100
SIO,0P00014MBM,100
SIQ,0P00013KY8,100
SIS,0P0001CQJX,100
SIT,0P00006WX5,100
SIV,0P00006Y6Z,100
SIX,0P0000FYIX,100
SKC,0P00006WX4,100
SKF,0P00006XZA,100
SKN,0P00017IER,100
SKO,0P0001DKPS,100
SKS,0P00006WXW,100
SKT,0P00006Y72,100
SKY,0P00006WTC,100
SLA,0P0001LCIZ,100
SLB,0P0001OOFA,100
SLC,0P0001630U,100
SLH,0P0001MVFZ,100
SLM,0P0001O6JY,100
SLR,0P0000A0Y3,100
SLS,0P0001OXRQ,100
SLX,0P00006WWV,100
SLZ,0P0001E386,100
SM1,0P000198QG,100
SMI,0P0000YV0I,100
SMN,0P00006WY3,100
SMP,0P0000ZFA6,100
SMR,0P0000NJ6W,100
SMS,0P0001NAOH,100
SNC,0P00011OUQ,100
SND,0P0000A1GN,100
SNG,0P0001KU0I,100
SNL,0P00006WYI,100
SNS,0P0000A1L7,100
SNX,0P0001OZOO,100
SNZ,0P0000Z5AW,100
SOC,0P0001Q9XK,100
SOL,0P00006X1H,100
SOM,0P00006WXD,100
SOP,0P00006WYR,100
SOR,0P0000TP1P,100
SOV,0P0001LAL7,100
SP3,0P0001BEZB,100
SP8,0P00006WIR,100
SPA,0P00006Y2B,100
SPD,0P0001P64B,100
SPK,0P00006WZC,100
SPL,0P00006WXR,100
SPN,0P0001L3H1,100
SPQ,0P0000A0Y2,100
SPT,0P0001FLOR,100
SPX,0P00006WTR,100
SPZ,0P0000A14G,100
SQ2,0P0001O94Q,100
SQX,0P0001QECJ,100
SRG,0P0000A13R,100
SRH,0P00006WW4,100
SRI,0P00006WX0,100
SRJ,0P0001KQ3V,100
SRK,0P00006WY2,100
SRL,0P0000A0YO,100
SRN,0P00006XZM,100
SRR,0P0001OYWL,100
SRT,0P0001MKAV,100
SRV,0P00006WWO,100
SRX,0P0001PHAK,100
SRY,0P00014I6R,100
SRZ,0P00006Y77,100
SSG,0P0001877D,100
SSH,0P0001NBHU,100
SSL,0P00006WWS,100
SSM,0P00006WZV,100
SSR,0P0001K6Y5,100
SST,0P00006WXS,100
ST1,0P00006X01,100
STA,0P00006WJQ,100
STG,0P0001EUTI,100
STK,0P00006XU6,100
STM,0P0000A1N2,100
STN,0P0001CTNQ,100
STO,0P00006WWB,100
STP,0P0001NOHF,100
STX,0P00006Y79,100
SUH,0P00011S7V,100
SUHN,,404
SUL,0P00006WYG,100
SUM,0P0001PILK,100
SUN,0P00006WY9,100
SUV,0P0000T48O,100
SVG,0P00006Y66,100
SVL,0P0000A1GB,100
SVM,0P0000A1GA,100
SVR,0P00006Y3H,100
SVW,0P0000NPEP,100
SVY,0P00012JGU,100
SW1,0P00006XWH,100
SWF,0P0001C6C2,100
SWM,0P00006X1V,100
SWP,0P00006WHL,100
SXE,0P0000A0Y0,100
SXG,0P0001P0OV,100
SXL,0P0000A0YZ,100
SYA,0P00006WFS,100
SYM,0P00006Y3N,100
SYR,0P0000A1G3,100
SZL,0P0001I3UY,100
T3D,0P0000A11Z,100
T3K,,404
T88,0P0001PYW5,100
T92,0P0001POI6,100
TAH,0P00006WYU,100
TAL,0P00006XTS,100
TAM,0P00006WYZ,100
TAR,0P0000V71D,100
TAS,0P00006WZ2,100
TBA,0P0000VNUG,100
TBN,0P0001MR06,100
TBR,0P00006X0A,100
TCF,0P000101GI,100
TCG,0P0000FZ4L,100
TCL,0P00006X04,100
TCO,0P00006X00,100
TD1,0P00006WA8,100
TDO,0P0000A1FY,100
TEE,0P0001OD8I,100
TEG,,100
TEK,0P00006XV2,100
TEM,0P00019801,100
TER,0P0000OPRT,100
TFL,0P0000A11V,100
TG1,0P0001M29B,100
TG6,0P0001P4KR,100
TGA,0P0000A130,100
TGF,0P0001ERAK,100
TGH,0P0001IVKF,100
TGM,0P0000SQU5,100
TGN,0P0000XF8E,100
TGP,0P00009Y1Y,100
THL,0P0001Q6TD,100
THR,0P00006Y7U,100
TI1,0P00006XU4,100
TIA,0P00006WTK,100
TIE,0P0001CECK,100
TIG,0P0000TX8P,100
TIP,0P0001HJ9I,100
TKL,0P00006Y80,100
TKM,0P0000A0U7,100
TLC,0P0001P3VH,100
TLG,0P0000OMYC,100
TLM,0P00006Y7I,100
TLS,0P00006WZD,100
TLX,0P0001C6C4,100
TMB,0P0001N3G3,100
TMG,0P0001DVLX,100
TMH,0P00018J50,100
TMK,0P0000G0FJ,100
TML,0P00015YS7,100
TMR,0P0001E13D,100
TMS,0P00006WBE,100
TMT,0P00019A57,100
TMX,0P00006Y7N,100
TMZ,0P0000RYUX,100
TNC,0P0001L2ON,100
TNE,0P00006WZ9,100
TNT,0P00017FMX,100
TNY,0P0001A2FF,100
TOE,0P00006Y7X,100
TON,0P0000MPE1,100
TOP,0P00006X1S,100
TOR,0P0001MRWJ,100
TOT,0P00015K5P,100
TOU,0P0000YE67,100
TOY,0P00006WI9,100
TPC,0P0000A1OW,100
TPD,0P0000Y52D,100
TPG,0P00006WVZ,100
TPW,0P000174F1,100
TRA,0P0001BEA3,100
TRE,0P0001QIXE,100
TRJ,0P0001MMB0,100
TRM,0P0000A1OR,100
TRP,0P0001NSLI,100
TRS,0P00006Y7S,100
TRT,0P00019VVX,100
TRU,0P0001LGL4,100
TRY,,404
TSI,0P0001L9Y2,100
TSK,0P0001L7IJ,100
TSL,0P00006WTQ,100
TSO,0P0000PWGH,100
TTA,0P00006XUT,100
TTI,0P00006Y7Y,100
TTM,0P0000A1H0,100
TTT,0P0001BLII,100
TUA,0P0001K7F3,100
TVL,0P0001OM23,100
TVN,0P00006WZG,100
TWD,0P00006WYY,100
TWE,0P0000T2V0,100
TWR,0P00006WZX,100
TYM,0P0001F6UC,100
TYR,0P0001IUW1,100
TYX,0P0000A1IW,100
TZL,0P00006WYT,100
TZN,0P00006Y7O,100
UBI,0P0000A1OJ,100
UBN,0P00014CKQ,100
UCM,0P00006Y85,100
UMG,0P0001JH2I,100
UNI,0P0001L3JJ,100
UNT,0P00006Y5O,100
UOS,0P00006X0N,100
URF,0P0000WJEE,100
URW,0P0001DGWI,100
USL,0P00019A56,100
USQ,0P0001OMR1,100
UUL,,404
UVA,0P0001P7OD,100
VAL,0P00006WN8,100
VAR,0P00006WTF,100
VBC,0P0000A1HL,100
VBS,0P0001746Z,100
VCX,0P0000UUDU,100
VEA,0P0001DYQE,100
VEE,0P00018XMI,100
VEN,0P0001EIH2,100
VG1,0P0001CBM8,100
VGL,0P00013VWJ,100
VHM,0P0001QBB2,100
VHT,0P00017WB9,100
VIA,,404
VIG,0P00012OM6,100
VIP,0P00006X17,100
VIT,0P0001IPAN,100
VKA,0P0000NNJ7,100
VLS,0P0000A0V2,100
VMG,0P00006X0Q,100
VML,0P00006Y8K,100
VMM,0P0001OC48,100
VMS,0P00006Y8H,100
VMT,0P00006WRQ,100
VN8,0P0001D67K,100
VNT,0P0001NTBC,100
VOL,,404
VPR,0P0000A147,100
VR1,0P00019SHY,100
VR8,0P0001BTBA,100
VRC,0P00006Y6G,100
VRS,0P0000FXXE,100
VRX,0P0000S9EL,100
VSL,0P0001NOU3,100
VSR,0P0000SAZG,100
VTI,0P0001A1KR,100
VTM,0P0001MZ5C,100
VTX,0P0001O5QW,100
VUK,0P00017BZQ,100
VUL,0P0001DBK7,100
VVA,0P0001HPOT,100
VYS,0P0000A0Z1,100
W2V,0P0001N7PS,100
WA1,0P0001OB8J,100
WA8,0P0000SRYL,100
WAA,0P0000Q6D9,100
WAF,0P0000O8ST,100
WAK,0P0001L7D7,100
WAM,0P0000Q6DA,100
WAR,0P0001MRGJ,100
WAT,0P00006X1J,100
WAX,0P0000PWGJ,100
WBC,0P00006X21,100
WBE,0P00006Y81,100
WBT,0P0000RT4J,100
WC1,0P0001NG48,100
WC8,0P00006XV4,100
WCG,0P00006WP3,100
WCN,0P0000A0UX,100
WDS,0P00006X25,100
WEB,0P00006X1P,100
WEC,0P00006Y8V,100
WEL,0P000148SA,100
WES,0P00006X1T,100
WFL,0P00006WRE,100
WGB,0P0001DK3C,100
WGN,0P0001CC8V,100
WGR,0P0001MJL4,100
WGX,0P00019B0B,100
WHC,0P0000A0UU,100
WHF,0P0000PWGI,100
WHK,0P0001CDNR,100
WIA,0P0000RYUO,100
WIAN,,404
WIN,0P0001ND6C,100
WKT,0P00006Y41,100
WLD,0P000174F2,100
WLE,0P00017TZL,100
WMA,0P00015EMZ,100
WMC,0P00006XVO,100
WMG,0P0001MYKR,100
WMI,0P0001B599,100
WML,0P00006Y3F,100
WNR,0P00006WBA,100
WNX,0P00019WPF,100
WOA,0P0001DKLV,100
WOR,0P00006X2A,100
WOT,,100
WOW,0P00006X26,100
WPR,0P00018GY8,100
WQG,0P0001B38P,100
WR1,0P0001NQRK,100
WRK,0P000196TL,100
WRM,0P0000Q2GX,100
WSI,0P00006XXG,100
WSP,0P0001HS60,100
WSR,0P0001LAL6,100
WTC,0P00017S3Y,100
WTL,0P00015EPG,100
WTN,0P0001O3UX,100
WWG,0P0001EWFA,100
WWI,0P0000A0X9,100
WYX,0P0000A1IJ,100
WZR,0P00006WAZ,100
X2M,0P0001N9NC,100
X64,0P00006Y2U,100
XAM,0P0000RYUZ,100
XF1,0P0000A1HP,100
XGL,0P00016BEA,100
XPN,0P0001O3UQ,100
XRF,0P00006Y91,100
XRG,0P0000XQHF,100
XRO,0P0000XARV,100
XST,0P00006Y93,100
XTC,0P0000A16F,100
XTE,0P0000TETW,100
YAL,0P0000WF4O,100
YAR,0P00006Y3Y,100
YBR,0P0000A0WZ,100
YOJ,0P0000RVVF,100
YOW,0P00006WIE,100
YPB,0P00006XV5,100
YRL,0P0001FALF,100
Z2U,0P0001N9SC,100
ZAG,0P0000PT5K,100
ZEO,0P0000MPEQ,100
ZER,0P0000YW5J,100
ZEU,0P0000XOY9,100
ZGL,0P00006Y97,100
ZIM,0P00006X2I,100
ZIP,0P0000MQTK,100
ZLD,0P00006WIT,100
ZMI,0P0000A1JN,100
ZMM,0P0000A0UT,100
ZNC,0P0000A0U9,100
ZNO,0P00006WJ4,100
1PG,,404
ONT,,404
TPS,,404
TQH,,404
5GN,,404
789,,404
9SP,,404
99L,,404
ABS,,404
ARI,,404
MIG,,404
AXL,,404
AAD,,404
AAT,,404
SEP,,404
ABN,,404
ABF,,404
ABL,,404
ABO,,404
AEG,,404
AAB,,404
ABT,,404
AAA,0P0000VP3F,100
AXS,,404
ATY,,404
ACN,,404
AGO,,404
ACX,,404
ANH,,404
ADU,,404
ADB,,404
ADE,,404
ALS,,404
ADI,,404
ADQ,,404
RAB,,404
ADZ,,404
ADL,,404
AHG,,404
APF,,404
AES,,404
AVI,,404
AVT,,404
AED,,404
AQE,,404
AEH,,404
AFJ,,404
AEB,,404
AFY,,404
AFM,,404
AKI,,404
AFQ,,404
AOQ,,404
AWM,,404
AFT,,404
APT,,404
ACC,,404
AGZ,,404
AGJ,,404
FCA,,404
HOD,,404
A1C,,404
ENY,,404
FIX,,404
IDD,,404
RSR,,404
AHJ,,404
AIR,,404
AIG,,404
AJM,,404
AHH,,404
AQG,,404
AMV,,404
AAY,,404
AAI,,404
AYN,,404
LEP,,404
ALF,,404
AIH,,404
AAN,,404
ALN,,404
A40,,404
AKA,,404
AHU,,404
AGM,,404
ANM,,404
AGT,,404
ALH,,404
AOD,,404
AGS,,404
AEL,,404
AZG,,404
AVP,,404
AWH,,404
ALW,,404
ASU,,404
ARS,,404
AOH,,404
AXG,,404
AEQ,,404
AYS,,404
AZD,,404
AQO,,404
AMB,,404
AMZ,,404
ABR,,404
AOW,,404
AUF,,404
AXZ,,404
ASC,,404
AMK,,404
AEC,,404
AGF,,404
ADP,,404
AMQ,,404
AAF,,404
AIP,,404
AHO,,404
AMW,,404
ANQ,,404
AEK,,404
ACI,,404
AHR,,404
ANT,,404
ASJ,,404
AS1,,404
AQM,,404
AGP,,404
AGG,,404
ANC,,404
A01,,404
AB1,,404
ANJ,,404
AZA,,404
APP,,404
HDF,,404
AXM,,404
AQQ,,404
APR,,404
AEZ,,404
APO,,404
APD,,404
AOP,,404
AZO,,404
AOZ,,404
APQ,,404
APJ,,404
AOY,,404
AOJ,,404
ATL,,404
AQH,,404
AQU,,404
AQP,,404
AQA,,404
APB,,404
AAG,,404
AAH,,404
ARQ,,404
AAW,,404
MRA,,404
AXT,,404
ARM,,404
ARJ,,404
AMR,,404
AXV,,404
AJS,,404
AJF,,404
AJP,,404
AJR,,404
AOE,,404
ARW,,404
YTS,,404
AKW,,404
AHY,,404
ANS,,404
AMJ,,404
APH,,404
AIO,,404
AZQ,,404
ASZ,,404
AHA,,404
ABU,,404
AOM,,404
AJD,,404
DIG,,404
APY,,404
ANV,,404
AAS,,404
ASI,,404
AKF,,404
STC,,404
ASS,,404
AZT,,404
AKR,,404
AJA,,404
ATE,,404
AGB,,404
ATI,,404
ATQ,,404
AKL,,404
AOR,,404
AGU,,404
ABW,,404
AUP,,404
AXO,,404
AQJ,,404
AUD,,404
AUS,,404
AAX,,404
AET,,404
AST,,404
ANE,,404
AWG,,404
AWT,,404
AUL,,404
AUU,,404
AIL,,404
ANB,,404
AEO,,404
AOK,,404
AYX,,404
ATF,,404
APG,,404
APV,,404
AUO,,404
GPD,,404
AAZ,,404
ALZ,,404
ARH,,404
AAK,,404
ATB,,404
ACO,,404
ACD,,404
ACH,,404
ACG,,404
ACY,,404
AFU,,404
AEN,,404
AFF,,404
AFN,,404
AQF,,404
ANI,,404
AIC,,404
AKS,,404
AKT,,404
AKU,,404
AKX,,404
AKY,,404
AYD,,404
AYH,,404
AYJ,,404
AYK,,404
AYZ,,404
AEP,,404
ATN,,404
XSE,,404
AOG,,404
AEY,,404
AOI,,404
API,,404
APK,,404
ABI,,404
AOB,,404
ATT,,404
AFO,,404
AUW,,404
AZC,,404
AWR,,404
AIY,,404
AIE,,404
4WD,,404
AZX,,404
AVB,,404
AVS,,404
AVN,,404
AVO,,404
AYE,,404
AWA,,404
AWB,,404
AWE,,404
AWN,,404
AWP,,404
AWX,,404
AXJ,,404
AXA,,404
AVQ,,404
AZH,,404
AZR,,404
AZM,,404
AZU,,404
BBB,,404
BAA,,404
BEI,,404
BNB,,404
BAB,,404
BDE,,404
BQF,,404
BMB,,404
BGF,,404
BRF,,404
BBD,,404
BND,,404
BNG,,404
BKC,,404
BNS,,404
BOS,,404
BWA,,404
BNK,,404
BBA,,404
BCO,,404
BDC,,404
BAR,,404
BHO,,404
BRM,,404
BPR,,404
BRH,,404
BAE,,404
BRC,,404
BMS,,404
BSO,,404
BSR,,404
BTU,,404
BAX,,404
BAY,,404
BHV,,404
BMW,,404
BEP,,404
BBJ,,404
BPI,,404
BCD,,404
BHU,,404
BDR,,404
BHG,,404
B3L,,404
BEC,,404
BGV,,404
BHA,,404
BLL,,404
BXL,,404
BNY,,404
BNN,,404
BNH,,404
BNI,,404
BNJ,,404
BAL,,404
BMP,,404
BPB,,404
BVM,,404
BMX,,404
BGO,,404
BLT,,404
BWR,,404
BIH,,404
BSS,,404
BST,,404
BCL,,404
BSZ,,404
BYI,,404
BHF,,404
BIY,,404
BFI,,404
BVT,,404
BHL,,404
BRV,,404
BIG,,404
BRY,,404
BXP,,404
BBG,,404
GYB,,404
BIN,,404
BHI,,404
BNC,,404
BPO,,404
BTA,,404
BOP,,404
BCY,,404
BYP,,404
BKM,,404
BMD,,404
BOK,,404
BLR,,404
BSP,,404
BSW,,404
BGG,,404
BKL,,404
BWD,,404
BKD,,404
BRT,,404
BLK,,404
BGH,,404
BLV,,404
BIV,,404
BLE,,404
BCR,,404
BLA,,404
BTT,,404
BEG,,404
BUE,,404
BMK,,404
BMF,,404
BMU,,404
BAH,,404
BSG,,404
BON,,404
BFS,,404
BBR,,404
BTK,,404
BTY,,404
B2Y,,404
BNT,,404
BOW,,404
BWN,,404
BRP,,404
BBY,,404
BKN,,404
BRE,,404
BRD,,404
BIL,,404
BDL,,404
BVA,,404
BRZ,,404
BZL,,404
BRW,,404
BRB,,404
BPK,,404
BGN,,404
BNP,,404
BSI,,404
BDS,,404
BYL,,404
XQF,,404
BTV,,404
BCS,,404
BRS,,404
BBS,,404
BAM,,404
BRO,,404
BKR,,404
BHH,,404
BHM,,404
BAO,,404
BPA,,404
BZA,,404
BZB,,404
BBH,,404
BMC,,404
BHT,,404
BTP,,404
BTM,,404
BTS,,404
BTL,,404
BIQ,,404
BKA,,404
BPF,,404
BUN,,404
BPS,,404
BPC,,404
BSD,,404
BLS,,404
BUC,,404
BYN,,404
BPG,,404
CCB,,404
CTZ,,404
CWO,,404
CWS,,404
CBS,,404
CGY,,404
XQI,,404
CAL,,404
CCD,,404
CGH,,404
CIX,,404
CLN,,404
CBI,,404
CBM,,404
CPE,,404
CTC,,404
CAH,,404
CDL,,404
XCC,,404
CBT,,404
CNE,,404
CNR,,404
CP1,,404
CPY,,404
CBX,,404
CPD,,404
CAP,,404
CZZ,,404
CCY,,404
CCT,,404
CIL,,404
CMY,,404
CSO,,404
CVT,,404
CLR,,404
CBD,,404
CNX,,404
CDV,,404
CAD,,404
CCW,,404
CKL,,404
CBU,,404
CCC,,404
CHY,,404
CGR,,404
CSH,,404
CRW,,404
CZI,,404
CHD,,404
CFI,,404
CGT,,404
CRU,,404
CXD,,404
CBK,,404
CBC,,404
CCK,,404
CEG,,404
CLS,,404
CNT,,404
CTR,,404
CET,,404
CUR,,404
CEY,,404
CTL,,404
CEQ,,404
CMS,,404
CNG,,404
CPK,,404
CVG,,404
CEP,,404
CER,,404
CMB,,404
CUA,,404
CYA,,404
CDG,,404
CFU,,404
CJO,,404
CFK,,404
CGX,,404
CHX,,404
CMA,,404
CDI,,404
CFG,,404
CIF,,404
CLI,,404
CKT,,404
CLJ,,404
CGP,,404
CWT,,404
CHB,,404
CNC,,404
CHP,,404
CTI,,404
CQO,,404
CHT,,404
CMN,,404
CHF,,404
CTW,,404
CRH,,404
CMQ,,404
CXS,,404
CQC,,404
CVB,0P0001RCSC,100
CKP,,404
CWC,,404
CHG,,404
CDC,,404
CIH,,404
CEH,,404
CHI,,404
CJG,,404
CMC,,404
CHE,,404
CRX,,404
CNH,,404
CHO,,404
CDH,,404
CIM,,404
CTH,,404
CGG,,404
CIE,,404
SSB,,404
CZF,,404
CIY,,404
CYR,,404
CYS,,404
CWH,,404
CYO,,404
CL1,,404
CLP,,404
CMT,,404
CVA,,404
CCN,,404
CFY,,404
CPR,,404
CLO,,404
CLY,,404
CMV,,404
CHV,,404
CNP,,404
CNA,,404
CPL,,404
CWK,,404
CAX,,404
CA8,,404
COA,,404
CGW,,404
CO1,,404
CCU,,404
CCL,,404
COK,,404
CKC,,404
CXC,,404
CDE,,404
CVH,,404
CLD,,404
CGJ,,404
CLH,,404
CNL,,404
COT,,404
COC,,404
CFD,,404
CFT,,404
CMF,,404
CPH,,404
CEC,,404
CDF,,404
CIG,,404
CPA,,404
COJ,,404
CEI,,404
CFF,,404
CPS,,404
CXH,,404
CMR,,404
CPW,,404
CRE,,404
COM,,404
CLF,,404
CDB,,404
CME,,404
CEU,,404
CQT,,404
CWL,,404
CGI,,404
CGM,,404
CMJ,,404
CSM,,404
CRC,,404
CRT,,404
CSD,,404
CCQ,,404
CVF,,404
CM1,,404
CES,,404
CXR,,404
C6C,,404
CUO,,404
CFH,,404
CUK,,404
CXP,,404
CRP,,404
CTS,,404
CRI,,404
COV,0P0001RHA2,100
CHQ,,404
COU,,404
CTY,,404
CCJ,,404
CVY,,404
CVO,,404
COW,,404
CPI,,404
CRG,,404
CEW,,404
CGN,,404
CSJ,,404
CSW,,404
CSU,,404
CWN,,404
CRV,,404
CUX,,404
CSK,,404
CRO,,404
CZC,,404
cuh,,404
CU1,,404
CU2,,404
CTK,,404
CTU,,404
CTJ,,404
CRF,,404
CSV,,404
CDU,,404
CUD,,404
CSG,,404
CMK,,404
CUY,,404
CJT,,404
CVI,,404
CLK,,404
CYT,,404
DTO,,404
DAU,,404
DCA,,404
DHL,,404
DFI,,404
DLY,,404
DGY,,404
DNS,,404
DAN,,404
DKS,,404
DNI,,404
DBS,,404
DTV,,404
DPT,,404
JDL,,404
DTE,,404
DAT,,404
DJS,,404
DBR,,404
DWS,,404
DCI,,404
DCF,,404
DVC,,404
DET,,404
DEA,,404
DSX,,404
DGM,,404
DFM,,404
D13,,404
DCP,,404
DGD,,404
DSB,,404
DWT,,404
DMS,,404
DRM,,404
DHU,,404
DNH,,404
DRS,,404
DEN,,404
DNX,,404
DPF,,404
DTF,,404
DTA,,404
DBA,,404
DSL,,404
DRI,,404
DVE,,404
DVH,,404
DVN,,404
DEX,,404
DXR,,404
DGA,,404
DGO,,404
DRL,,404
DID,,404
DXF,,404
DIO,,404
DGX,,404
DAC,,404
DIR,,404
DML,,404
DIP,,404
DIS,,404
DPA,,404
DVA,,404
DMR,,404
DJP,,404
JOD,,404
DKN,,404
DMX,,404
DBN,,404
DWL,,404
DOM,,404
DGF,,404
DTS,,404
DRD,,404
DHB,,404
DN8,,404
DLS,,404
DAZ,,404
DAO,,404
DAE,,404
DAQ,,404
DSH,,404
DSQ,,404
DTX,,404
DUE,,404
DKG,,404
DKE,,404
DLX,,404
DFS,,404
DMA,,404
DXL,,404
DYN,,404
EAL,,404
EBS,,404
E3S,,404
EHH,,404
EAG,,404
EEI,,404
ESL,,404
EAC,,404
EEM,,404
EER,,404
EWE,,404
ECH,,404
ESC,,404
EAM,,404
EGA,,404
ENG,,404
ESG,,404
EZY,,404
ECI,,404
EAR,,404
ECO,,404
ECV,,404
EDT,,404
ETG,,404
EDL,,404
EFC,,404
EFT,,404
EGO,,404
ERC,,404
EIS,,404
EKS,,404
EIM,,404
ERF,,404
EAU,,404
EEA,,404
XNA,,404
EMM,,404
EEC,,404
ELC,,404
ELM,,404
ELK,,404
EDN,,404
ELL,,404
EAI,,404
EGF,,404
EGI,,404
ELO,,404
ELR,,404
ELI,,404
EMA,,404
EMI,,404
EPD,,404
ENC,,404
EOC,,404
ENB,,404
ENE,,404
EOG,,404
ENK,,404
EXO,,404
ENS,,404
E88,,404
EIL,,404
EVM,,404
ERS,,404
EON,,404
EOR,,404
EPC,,404
EPA,,404
EPO,,404
EPS,,404
EPG,,404
EQM,,404
EQI,,404
EQK,,404
EPI,,404
EII,,404
EWN,,404
EPW,,404
ESE,,404
EPF,,404
ZCN,,404
ZOZ,,404
EBF,,404
EKA,,404
EYT,,404
EUZ,,404
EIG,,404
EAF,,404
EFF,,404
EGD,,404
EDI,,404
EFG,,404
EVF,,404
EGX,,404
EXC,,404
EXG,,404
EXS,,404
ETA,,404
EXI,,404
EXX,,404
ERX,,404
EXU,,404
EXT,0P0000A12C,100
EXN,,404
EPL,,404
FAC,,404
FAI,,404
FLL,,404
FNR,0P0001RGER,100
FXJ,,404
FHP,,404
FAS,,404
FAN,,404
FFC,,404
FDL,,404
FRT,,404
FCO,,404
FE8,,404
FEI,,404
FTI,,404
FHF,,404
FDW,,404
FPS,,404
FTH,,404
FNA,,404
FCR,,404
FMH,,404
FFR,,404
FSE,,404
FAB,,404
FST,,404
FCC,,404
FIR,,404
FGF,,404
FPT,,404
FIS,,404
FNT,,404
FTM,,404
FMN,,404
FMB,,404
FMM,,404
FMA,,404
FIP,,404
FPA,,404
FIT,,404
FTW,,404
FAF,,404
FGI,,404
FEU,,404
FLK,,404
FCH,,404
FOA,,404
FBI,,404
FBO,,404
FEA,,404
FOH,,404
FGE,,404
FHL,,404
FRG,,404
FOI,,404
FTE,,404
FRH,,404
FYA,,404
FOB,,404
FNC,,404
FXR,,404
FOX,,404
FRA,,404
FIF,,404
FLR,,404
FKH,,404
FFL,,404
FIG,,404
FDM,,404
FHM,,404
FCX,,404
FGC,,404
FCG,,404
FDX,,404
FRU,,404
FUL,,404
FLH,,404
FSN,,404
FOL,,404
GPH,,404
GMV,,404
GHI,,404
GXY,,404
GJT,,404
GGN,,404
GLG,,404
GSP,,404
GRD,,404
GNF,,404
GFS,,404
GGM,,404
GTY,,404
GAV,,404
GZL,,404
GBI,,404
GBM,,404
GBT,,404
GEA,,404
GCA,,404
GCH,,404
GCE,,404
GGU,,404
GFN,,404
GCP,,404
GET,,404
GIA,,404
GMM,,404
GHC,,404
GNA,,404
GIN,,404
GEO,,404
MGE,,404
WEG,,404
GHT,,404
GEE,,404
GEH,,404
GSW,,404
GGB,,404
GID,,404
GLT,,404
GBG,,404
GIO,,404
GOP,,404
GIR,,404
GVN,,404
GKN,,404
GMH,,404
GOD,,404
GFI,,404
GLF,,404
GMI,,404
GBP,,404
GPY,,404
GRF,,404
GSZ,,404
GTV,,404
GLY,,404
GCL,,404
GOE,,404
GCN,,404
GFY,,404
GHO,,404
GOL,,404
GMK,,404
GMS,,404
GDO,,404
GSA,,404
GCD,,404
GCO,,404
GFO,,404
GWN,,404
GWF,,404
GKL,,404
GON,,404
G79,,404
GRM,,404
GSL,,404
GMF,,404
GFF,,404
GMP,,404
GOO,,404
GPF,,404
GQH,,404
GOS,,404
GPI,,404
GST,,404
GRB,,404
GTC,,404
GHG,,404
GRP,,404
GBA,,404
GPM,,404
GRN,,404
GEG,,404
GOG,,404
GAU,,404
GFM,,404
GTP,,404
GSO,,404
GVG,,404
GWM,,404
GNV,,404
GPE,,404
GFD,,404
GNB,,404
GBS,,404
GCG,,404
GXL,,404
GTF,,404
GRG,,404
GPA,,404
GGL,,404
GFC,,404
GFH,,404
GRO,,404
GVR,,404
TGO,,404
GRY,,404
GSI,,404
GDL,,404
GUI,,404
GUJ,,404
GMC,,404
GLS,,404
GNS,,404
GWG,,404
GWC,,404
GWI,,404
GWL,,404
GYD,,404
HNC,,404
HLC,,404
HLK,,404
HFL,,404
HAM,,404
HAP,,404
HDS,,404
HGM,,404
HHM,,404
HDI,,404
HAN,,404
HAO,,404
HBD,,404
HDR,,404
HRG,,404
HSL,,404
HTE,,404
HTS,,404
HVC,,404
HTR,,404
HWT,,404
HST,,404
HOL,,404
HDH,,404
HWR,,404
HOG,,404
HZA,,404
HSD,,404
HNL,,404
HCN,,404
HHI,,404
HSP,,404
HSO,,404
HLN,,404
HMO,,404
HIN,,404
HTW,,404
HAD,,404
HCR,,404
HSK,,404
HMT,,404
HGI,,404
JOH,,404
HML,,404
HWE,,404
HTC,,404
HER,,404
HBS,,404
HGD,,404
HRR,,404
HVB,,404
HYS,,404
HEY,,404
HHY,,404
HLR,,404
HLG,,404
HIG,,404
HNZ,,404
HIH,,404
HLY,,404
HMR,,404
HDL,,404
HII,,404
HRO,,404
HMA,,404
HOA,,404
HOB,,404
HDG,,404
HME,,404
HRP,,404
HSG,,404
HSM,,404
HKL,,404
HKR,,404
HBI,,404
HIP,,404
HZP,,404
HOS,,404
HWG,,404
HOT,,404
HSH,,404
HOY,,404
HPX,,404
HRL,,404
HCO,,404
HRS,,404
HDX,,404
HUN,,404
HUD,,404
HIC,,404
HUO,,404
HCC,,404
HWW,,404
HYF,,404
XTA,,404
HYP,,404
HES,,404
HCS,,404
HZL,,404
IOW,,404
IAB,,404
IAN,,404
IGD,,404
IBR,,404
IB8,,404
ICQ,,404
ICM,,404
ICS,,404
IDE,,404
IDM,,404
IDF,,404
IDH,,404
IDJ,,404
IFS,,404
IGX,,404
IIN,,404
IKW,,404
ILW,,404
IUL,,404
IGE,,404
IPS,,404
IMS,,404
IML,,404
ITC,,404
IMT,,404
ICT,,404
IPM,,404
IDG,,404
IPN,,404
IRL,,404
IOR,,404
IPA,,404
IDO,,404
IPR,,404
IDP,,404
IDC,,404
IDL,,404
IRN,,404
ICZ,,404
IOK,,404
IEP,,404
IRH,,404
IFN,,404
ICH,,404
IFA,,404
INU,,404
IIF,,404
IGG,,404
INW,,404
INN,,404
IHN,,404
IVL,,404
INO,,404
IOS,,404
IVA,,404
ICF,,404
ISB,,404
ITQ,,404
ITG,,404
IGR,,404
IGA,,404
IWF,,404
IHC,,404
ITL,,404
ITF,,404
INT,,404
ITE,,404
IHR,,404
IDB,,404
ITA,,404
ITN,,404
INI,,404
IAS,,404
INC,,404
IDS,,404
IGF,,404
IGS,,404
IIP,,404
INH,,404
IRP,,404
IPO,,404
IOP,,404
IWI,,404
IOC,,404
ITR,,404
IMY,,404
IMZ,,404
IMV,,404
IWT,,404
ITO,,404
IQE,,404
IAD,,404
IXS,,404
IOF,,404
IAL,,404
IDV,,404
IVE,,100
IVG,,404
IVQ,,404
IOA,,404
ION,,404
IOT,,404
IPE,,404
IPP,,404
IPW,,404
IQ3,,404
IQX,,404
INM,,404
IOH,,404
IAP,,404
ISU,,404
ISD,,404
IST,,404
ISI,,404
ISF,,404
ISS,,404
ITP,,404
ITD,,404
ITX,,404
IVN,,404
IVS,,404
IWL,,404
IXL,,404
IYS,,404
JNB,,404
JCM,,404
JML,,404
CHJ,,404
JIP,,404
JKA,,404
JAK,,404
JAC,,404
JEL,,404
JCO,,404
JHV,,404
JFG,,404
HAH,,404
WJG,,404
JGT,,404
JHC,,404
JFA,,404
JMH,,404
JSH,,404
JDV,,404
JFH,,404
JFI,,404
JEN,,404
JJF,,404
JCI,,404
JGB,,404
JMB,,404
JCB,,404
JMN,,404
TJH,,404
JNA,,404
WJM,,404
JBL,,404
JHF,,404
LYS,,404
SHR,,404
JPL,,404
JCP,,404
JBM,,404
JCL,,404
JUP,,404
JPT,,404
JST,,404
JJS,,404
JVG,,404
KTO,,404
KTE,,404
KII,,404
KAA,,404
KAB,,404
KZL,,404
KMC,,404
KMG,,404
KLC,,404
KMT,,404
KGM,,404
KRL,,404
KAS,,404
KTN,,404
KPC,,404
KAZ,,404
KBL,,404
LOK,,404
KRN,,404
KDE,,404
KEW,,404
KYC,,404
KYG,,404
KHF,,404
KHS,,404
KDR,,404
KDS,,404
KGH,,404
KIM,,404
KDL,,404
KOG,,404
KBS,,404
KPE,,404
KPL,,404
KEL,,404
KIC,,404
KFG,,404
KGI,,404
KWR,,404
KLA,,404
KTR,,404
KWD,,404
KIT,,404
KLM,,404
KLZ,,404
KOL,,404
KKL,,404
KKT,,404
KNH,,404
K2P,,404
KRT,,404
KRS,,404
KGS,,404
KTL,,404
KTM,,404
KUL,,404
KMR,,404
KPR,,404
KSP,,404
KEN,,404
KWL,,404
KYK,,404
LME,,404
LTS,,404
LLR,,404
LRC,,404
LAK,,404
LPC,,404
LWP,,404
LDM,,404
LBW,,404
LAN,,404
LGR,,404
LTN,,404
LAH,,404
LDY,,404
LSH,,404
LTA,,404
LAX,,404
LAS,,404
LAA,,404
LIL,,404
LBP,,404
LVR,,404
LVG,,404
LWF,,404
LBY,,404
LFC,,404
LPA,,404
LDA,,404
LGD,,404
LSI,,404
LMC,,404
LMR,,404
LEV,,404
LLP,,404
LUT,,404
LI4,,404
LI1,,404
LIF,,404
LIA,,404
LIE,,404
LIB,,404
LHC,,404
LBF,,404
LJF,,404
LNC,,404
LDN,,404
LFX,,404
LRF,,404
LWI,,404
LCA,,404
LNN,,404
LSG,,404
LST,,404
LNS,,404
LHB,,404
LON,,404
LIM,,404
LIP,,404
LNG,,404
LMA,,404
LRG,,404
LWB,,404
LLA,,404
LHD,,404
LMH,,404
LGC,,404
LRX,,404
LGO,,404
LSC,,404
LAL,,404
LDW,,404
LUK,,404
LMS,,404
LSL,,404
LVL,,404
MTU,,404
MLD,,404
MCC,,404
MSA,,404
MIF,,404
MCK,,404
MPB,,404
MRP,,404
MCQ,,404
MCG,,404
MQC,,404
MFN,,404
MGI,,404
MGM,,404
MIP,,404
MRN,,404
MOR,,404
MPN,,404
MWG,,404
MQW,,404
MAC,,404
MGG,,404
MGN,,404
MMW,,404
MPH,,404
MNA,,404
MHY,,404
MHZ,,404
MNL,,404
MAI,,404
MJR,,404
MKE,,404
MBC,,404
MYL,,404
MHS,,404
MTL,0P00006WOS,100
MDD,,404
MOI,,404
MDH,,404
MTR,,404
MRU,,404
MBA,,404
MRB,,404
MGO,,404
MAZ,,404
MRT,,404
MKC,,404
MKH,,404
MKP,,404
MJP,,404
MML,,404
MHR,,404
MBB,,404
MKM,,404
MVU,,404
MAV,,404
MWP,,404
MWE,,404
MXQ,,404
MSP,,404
MYP,,404
MZU,,404
MBD,,404
MBF,,404
MCS,,404
MCB,,404
MDG,,404
MWM,,404
MSL,,404
MDE,,404
MBJ,,404
MDZ,,404
MZB,,404
MZA,,404
MZC,,404
MAS,,404
MED,,404
MPF,,404
MWC,,404
MLA,,404
MRE,,404
MGZ,,404
MDV,,404
MEH,,404
MHT,,404
MPS,,404
MGP,,404
MET,,404
MVT,,404
MMT,,404
MII,,404
MRO,,404
MEK,0P00006WLZ,100
MRW,,404
MMK,,404
MEP,,404
MES,,404
MMF,,404
MST,,404
MTT,,404
MKO,,404
MTX,,404
MTN,,404
MEQ,,404
MTD,,404
MBS,,404
MBT,,404
XQE,,404
MGC,,404
MGS,,404
MIA,,404
MIC,,404
MIS,,404
MLK,,404
MHD,,404
MOY,,404
MHL,,404
MAX,,404
MLT,,404
MIM,,404
MCR,,404
MNC,,404
MDO,,404
MFX,,404
MLB,,404
MDL,,404
MXX,,404
MSX,,404
MIT,,404
MWL,0P0001RL36,100
MNR,,404
MNE,,404
MNW,,404
MBN,,404
MIX,,404
MRV,,404
PFD,,404
MPT,,404
MCU,,404
MTE,,404
MUA,,404
MMG,,404
MMU,,404
MOA,,404
MOG,,404
MOD,,404
MPO,,404
MOL,,404
MON,,404
MA1,,404
MUB,,404
MTA,,404
MR1,,404
MMZ,,404
MOQ,,404
MCO,,404
MOC,,404
MOS,,404
MLC,,404
MVG,,404
MOE,,404
MVC,,404
MPC,,404
MPM,,404
MSF,,404
MSM,,404
MEV,,404
MLP,,404
MFC,,404
MUE,,404
MXG,,404
MXU,,404
MUV,,404
MUM,,404
MCH,,404
MMX,,404
MYD,,404
MRG,,404
MUH,,404
MBE,,404
MFB,,404
MYF,,404
MYB,,404
MYO,,404
MZI,,404
NKV,,404
NAL,,404
NSN,,404
NCV,,404
NHS,,404
NCI,,404
NCU,,404
NCL,,404
NFD,,404
NFG,,404
NHR,,404
NLC,,404
NLG,,404
NLO,,404
NPA,,404
NPF,,404
NAA,,404
NAF,,404
NAO,,404
NAH,,404
NTG,,404
NVL,,404
NWD,,404
NQT,,404
NGA,,404
NIX,,404
PYR,,404
NVT,,404
NEA,,404
NWB,,404
NCA,,404
NXR,,404
NER,,404
NEN,,404
NTC,,404
NFB,,404
NTF,,404
NFO,,404
NEV,,404
NCZ,,404
NEW,,404
NHG,,404
NMD,,404
NOP,,404
NPH,,404
XNM,,404
NSE,,404
NCH,,404
NHH,,404
NEM,,404
NYY,,404
NCP,,404
NWT,,404
NNT,,404
NBS,,404
NXB,,404
NFM,,404
NGM,,404
NID,,404
NKA,,404
NRN,,404
NDO,0P0001RMOU,100
NTO,,404
NIU,,404
NKP,,404
NMF,,404
NBX,,404
NMM,,404
NFR,,404
NRI,,404
NDP,,404
NFA,,404
NFK,,404
NDY,,404
NMW,,404
NBH,,404
NMB,,404
NQL,,404
NQM,,404
NQR,,404
NRC,,404
NCO,,404
NOC,,404
NTH,,404
NMI,,404
NQC,,404
XSN,,404
NWR,,404
NGF,,404
NWE,,404
NEL,,404
NHL,,404
NOE,,404
NVM,,404
NVE,,404
NVN,,404
NVS,,404
NPI,,404
NRW,,404
NCS,,404
NPX,,404
NUS,,404
NNZ,,404
NYL,,404
NLX,,404
NYO,,404
NZF,,404
NZI,,404
NZC,,404
OAM,,404
OKH,,404
OKN,,404
OMP,,404
OEA,,404
OCE,,404
OGD,,404
OGC,,404
OCX,,404
OCP,,404
OGH,,404
ORS,,404
OXX,,404
OCV,,404
ODD,,404
ODN,,404
ODG,,404
OAP,,404
OGN,,404
OGL,,404
OSH,,404
OLN,,404
OKU,,404
OLM,,404
NIO,,404
OMO,,404
OMC,,404
OMN,,404
ONL,,404
1AL,,404
OVH,,404
OTR,,404
OTH,,404
ONX,,404
OOH,,404
OTT,,404
OPS,,404
OPC,,404
OPG,,404
OBS,,404
ORH,,404
OGX,,404
OHE,,404
OTL,,404
ORL,,404
OSP,,404
OLV,,404
OUM,,404
OVT,,404
OVN,,404
OTW,,404
OVS,,404
OZL,,404
OZG,,404
PNO,,404
CLL,,404
P2P,,404
PAP,,404
PBG,,404
PCF,,404
PFC,,404
PDF,,404
PEA,,404
PNL,,404
PHY,,404
PIG,,404
PFM,,404
PMU,,404
PFR,,404
PCS,,404
PTB,,404
PBB,,404
PMH,,404
PML,,404
PDC,,404
PID,,404
PMX,,404
PAL,,404
PLC,,404
PZC,,404
POR,,404
PPP,,404
PPH,,404
PNA,,404
PBO,,404
PFL,,404
PAG,,404
PGA,,404
PRA,,404
PXU,,404
PIR,,404
PGN,,404
PCP,,404
PBY,,404
PRK,,404
PDS,,404
PAS,,404
POC,,404
PAV,,404
PAW,,404
PAY,,404
PYG,,404
PYV,,404
PDT,,404
PLR,,404
PST,,404
PPI,,404
PDL,,404
PSN,,404
PTA,,404
PSH,,404
PM8,,404
LSB,,404
PEO,,404
PBA,,404
PEP,,404
PLI,,404
PER,,404
PRJ,,404
PUS,,404
PMG,,404
PEM,,404
PCB,,404
PMS,,404
PTT,,404
PSV,,404
PLM,,404
KUP,,404
PLW,,404
PTW,,404
PTV,,404
PTC,,404
PTG,,404
PTZ,,404
PSA,,404
PHI,,404
POA,,404
PRH,,404
PXG,,404
PRC,,404
PIH,,404
PIN,,404
PVM,,404
PJA,,404
PBS,,404
PWK,,404
PBV,,404
PVG,,404
PEG,,404
PCR,,404
PDG,,404
PLP,,404
PPZ,,404
PLB,,404
PLN,0P0001RGQE,100
PPN,,404
PRG,,404
PPA,,404
PTE,,404
PLA,,404
PC1,,404
PLV,,404
PLU,,404
PAF,,404
PDR,,404
XQH,,404
XVF,,404
PMM,,404
PVY,,404
PDM,,404
POI,,404
PWI,,404
PWS,,404
PWT,,404
PWL,,404
PPO,,404
PMZ,,404
PDH,,404
PCN,,404
PCA,,404
PEZ,,404
PRV,,404
PIB,,404
PRF,,404
PTN,,404
PGX,,404
PWG,,404
PAO,,404
POF,,404
PSB,,404
POG,,404
POJ,,404
POB,,404
PJP,,404
PPR,,404
PMN,,404
PCH,,404
PYT,,404
PSP,,404
PRI,,404
PRW,,404
PVH,,404
PBR,,404
PON,,404
PNQ,,404
PVA,,404
PSD,,404
PHG,,404
PUH,,404
PUP,,404
PUC,,404
PUI,,404
PUB,,404
PUM,,404
PUF,,404
PUE,,404
PUD,,404
PUJ,,404
PUK,,404
PUU,,404
PUV,,404
PUZ,,404
PES,,404
PLX,,404
QTG,0P00006Y5P,100
QTT,,404
QRL,,404
QDL,,404
QAM,,404
QNT,,404
QIW,,404
QLO,,404
QMT,,404
QMS,,404
QNI,,404
QRX,,404
QDX,,404
QTM,,404
QUO,,404
QMG,,404
QBC,,404
QMM,,404
QAI,,404
QCL,,404
QCT,,404
QCH,,404
QGC,,404
QUM,,404
QMH,,404
QMN,,404
QPP,,404
QEX,,404
QST,,404
QSS,,404
QFX,,404
QUC,,404
QTK,,404
QIN,,404
QIL,,404
RBP,,404
RBV,,404
RTK,,404
RAF,,404
RMM,,404
RMB,,404
RMF,,404
RMT,,404
RDP,,404
RRS,,404
RNG,,404
RPT,,404
RTN,,404
RCA,,404
RAW,,404
RAZ,,404
RZR,,404
RLE,,404
RNC,,404
RRP,,404
REB,,404
RRT,,404
RAL,,404
RAR,,404
RBK,,404
AEJ,,404
RDC,,404
RPF,,404
RCF,,404
RDF,,404
RDH,,404
RDL,,404
RFO,,404
RMA,,404
RGM,,404
RES,,404
RD1,,404
RCO,,404
RNS,,404
REL,,404
RFC,,404
ROA,,404
RAP,,404
RT9,,404
RTD,,404
RA1,,404
RTT,,404
RTC,,404
RER,,404
RFD,,404
RDV,0P0000O9KF,100
RAI,,404
RQL,,404
RSP,,404
RXA,,404
RTI,,404
RTS,,404
RVA,,404
REF,,404
RVC,,404
RXF,,404
RYW,,404
RFP,,404
RGC,,404
RHG,,404
RHP,,404
RHS,,404
RIA,,404
RGW,,404
RIS,,404
RIL,,404
RFV,,404
RGK,,404
RPC,,404
RIN,,404
RNL,,404
RCY,,404
RIG,,404
RIV,,404
RMW,,404
RMG,,404
RNY,,404
XRT,,404
RNB,,404
ROB,,404
RBS,,404
ROL,,404
ROK,,404
RBY,,404
RKC,,404
RCI,,404
RLK,,404
ROS,,404
RHD,,404
RSM,0P0000VPPH,100
RWS,,404
RHL,,404
ROW,,404
RWH,,404
RYC,,404
RPD,,404
RPX,,404
RAT,,404
REU,,404
RJT,,404
RBC,,404
RUB,,404
RFL,,404
RUP,,404
RPS,,404
RVL,,404
RTA,,404
RXP,,404
RYE,,404
SEL,,404
SPR,0P0000MQTV,100
SXM,,404
SRM,,404
SAV,,404
SAB,,404
SAP,,404
SBE,,404
SAG,,404
SGG,,404
SAI,,404
SLL,,404
SBH,,404
SO4,,404
SAL,,404
SMD,,404
SSN,,404
SRD,,404
SDH,,404
SFD,,404
SDC,,404
SDB,,404
SXP,,404
SPV,,404
SAR,,404
SAT,,404
STT,,404
SCR,,404
SCD,,404
SCB,,404
SRB,,404
SDD,,404
SSE,,404
SIE,,404
SFU,,404
SGZ,,404
SCC,,404
SCO,,404
SCK,,404
SDS,,404
SEF,,404
SWD,,404
SFO,,404
SP1,,404
SAD,,404
SAJ,,404
SAC,,404
SMX,,404
SDM,,404
SED,,404
SEB,,404
SEM,,404
SSC,,404
SLN,,404
SXY,,404
SNR,,404
TRR,,404
TRW,,404
TRZ,,404
REJ,,404
TRX,,404
WSB,,404
HTV,,404
TRQ,,404
REQ,,404
REI,,404
WSC,,404
REK,,404
RDA,,404
WSH,,404
WSJ,,404
WSN,,404
WSO,,404
RFB,,404
HTB,,404
WSQ,,404
WSD,,404
RT2,,404
RFE,,404
STR,,404
SEV,,404
SWL,,404
SFE,,404
SFW,,404
SDT,,404
SHC,,404
SHU,,404
SHD,,404
SHX,,404
SNH,,404
SHI,,404
SHB,,404
SKV,,404
SIB,,404
SBU,,404
SID,,404
SDX,,404
SGL,,404
SBL,,404
SVH,,404
SVA,,404
SDY,,404
SWS,,404
SPH,,404
SGT,,404
SAO,,404
SEH,,404
SGX,,404
SSI,,404
SLE,,404
SNV,,404
SIR,,404
SBT,,404
SAA,,404
SKL,,404
SKE,,404
SAS,,404
SNT,,404
SKA,,404
SKP,,404
SXR,,404
SKW,,404
SGH,,404
SMT,,404
SXB,,404
SS6,,404
SAZ,,404
SSF,,404
SS7,,404
SM9,,404
SMJ,,404
SMV,,404
SMB,,404
SMK,,404
SMW,,404
SMQ,,404
SNA,,404
SGO,,404
SIL,,404
SML,,404
SSX,,404
SFL,,404
SOF,,404
SWH,,404
SOS,,404
SXS,,404
SOH,,404
SNE,,404
SON,,404
SNN,,404
SGW,,404
SMG,,404
SOE,,404
SAY,,404
SBB,,404
SET,,404
SPB,,404
SRP,,404
SCA,,404
SAK,,404
SBC,,404
SXX,,404
SCF,,404
SRC,,404
SVT,,404
SPF,,404
SPM,,404
SPG,,404
SKI,,404
SPC,,404
SDA,,404
SRS,,404
SCP,,404
SFI,,404
SPE,,404
SPO,,404
SPS,,404
SGB,,404
SHW,,404
SLG,,404
SAX,,404
SLP,,404
SNY,,404
SCY,,404
SGS,,404
STL,,404
XNS,,404
XSS,,404
XVA,,404
XWA,,404
XNQ,,404
SBF,,404
STI,,404
SBI,,404
STF,,404
SIP,,404
SRE,,404
SKB,,404
SKD,,404
STD,,404
STH,,404
SMC,,404
SRA,,404
FSH,,404
STU,,404
SBS,,404
SGU,,404
XQD,,404
SMM,,404
SBK,,404
SEA,,404
SDL,,404
STV,,404
SBN,,404
HBH,,404
SVS,,404
SRF,,404
SWR,,404
SWE,,404
SWK,,404
SYD,,404
SAQ,,404
SYI,0P0000PZ6Y,100
SLV,,404
SYL,,404
SYB,,404
SL1,,404
SYN,,404
SYS,,404
SYT,,404
OCH,,404
TAB,,404
TKG,,404
TWO,,404
TBL,,404
TAN,,404
TBC,,404
TAP,,404
TTX,,404
TEX,,404
TKI,,404
TMM,,404
TPX,,404
TGR,,404
TSS,,404
TSW,,404
TAT,,404
TTS,,404
TAW,,404
TDL,,404
TDG,,404
TEQ,,404
TCN,,404
TIF,,404
TCM,,404
TCP,,404
TCY,,404
TKA,,404
TCA,,404
TCT,,404
TLP,,404
TMN,,404
TEO,,404
TLZ,,404
TGG,,404
TEN,,404
TNI,,404
TNN,,404
TGZ,,404
TEA,,404
TIV,,404
TTY,,404
TYC,,404
TXA,,404
TXN,,404
TXT,,404
TAF,,404
THG,,404
CCS,,404
CGL,,404
IQG,,404
PGR,,404
REW,,404
TSN,,404
WCC,,404
TNK,,404
TSM,,404
THO,,404
TPO,,404
TB8,,404
TGS,,404
TKF,,404
TIH,,404
TLT,,404
TIM,,404
TOD,,404
TPF,,404
TIN,,404
TIO,,404
TIC,,404
TIR,,404
TMA,,404
TMO,,404
TMP,,404
TBY,,404
TOF,,404
TOL,,404
TOM,,404
TCB,,404
TOO,,404
TOH,,404
TTH,,404
TDA,,404
TDB,,404
TRN,,404
TRK,,404
TOA,,404
TNB,,404
TNF,,404
TNH,,404
TTB,,404
TSG,,404
TCH,,404
TLA,,404
TOX,,404
TPM,,404
TME,,404
TTC,,404
TFP,,404
TRF,,404
TSC,,404
TNS,,404
TRO,,404
TPA,,404
TCS,,404
TFS,,404
TYO,,404
TKR,,404
TBH,,404
TIL,,404
TRG,,404
TT2,,404
TT1,,404
TT7,,404
2BE,,404
TUC,,404
TUG,,404
TUL,,404
TLL,,404
TNR,,404
TBG,,404
TV2,,404
TWT,,404
TWH,,404
TYA,,404
TYN,,404
TPT,,404
UND,,404
UCL,,404
UMS,,404
UEC,,404
UFI,,404
UGL,,404
UIL,,404
UPE,,404
ULT,,404
UPI,,404
UNS,,404
UTB,,404
UNC,,404
UAI,,404
UCG,,404
UEL,,404
UNG,,404
UMC,,404
UTL,,404
UWL,,404
UML,,404
UPG,,404
UNV,,404
UTC,,404
UNP,,404
UNW,,404
UPD,,404
UCE,,404
UKL,,404
URB,,404
USM,,404
USR,,404
USC,,404
UXA,,404
UXC,,404
VOF,,404
VPG,,404
VDM,,404
VAH,,404
VLI,,404
VLY,,404
VMX,,404
VAM,,404
VGS,0P00014NFT,100
VAN,,404
VPM,,404
VGO,,404
VAP,0P0000Q5VG,100
VCL,,404
VLT,,404
VEL,,404
VCM,,404
VEC,,404
VED,,404
VCR,,404
VFI,,404
VAX,,404
VRM,,404
VT1,,404
VSW,,404
VES,,404
VIC,,404
VTP,,404
VET,,404
VLE,,404
VPT,,404
VYA,,404
VID,,404
VIE,,404
VII,,404
VKI,,404
VWD,,404
VLW,,404
VRL,,404
VMY,,404
VNR,,404
VLA,,404
VIR,,404
VRT,,404
VSC,,404
VSG,,404
VEI,,404
VSO,0P0000T418,100
VTG,,404
VPL,,404
VTH,,404
VTA,,404
VIV,,404
VOC,,404
VGN,,404
VLL,,404
VNX,,404
VXS,,404
VOY,,404
VRG,,404
VCN,,404
VLM,,404
WAC,,404
WKM,,404
WDP,,404
WAH,,404
WKS,,404
WKC,,404
WAL,,404
WLB,,404
WJA,,404
WTA,,404
WCI,,404
WHS,,404
WGO,,404
WCB,,404
WNZ,,404
WGF,,404
WMK,,404
WTR,,404
WTP,,404
WFH,,404
WYL,,404
WLS,,404
WCP,,404
WHW,,404
WEH,,404
WDE,,404
WBA,,404
WPM,,404
WLL,,404
WNP,,404
WFI,,404
WSG,,404
WAN,,404
WTE,,404
WCH,,404
WTQ,,404
WSA,,404
WAD,,404
XWB,,404
XWD,,404
WDR,,404
WUN,,404
WEA,,404
WFC,,404
WFD,,404
WDC,,404
WSF,,404
WRT,,404
WBS,,404
WIC,,404
WMX,,404
WBK,,404
WPP,,404
WCT,,404
WPI,,404
WTG,,404
WRP,,404
WCL,,404
WTV,,404
WWR,,404
WEN,,404
GZS,,404
WIM,,404
WCU,,404
WRG,,404
WHI,,404
WHT,,404
WLM,,404
WHO,,404
WHTMFI,,404
AXSBSC,,404
WNA,,404
WIL,,404
WIH,,404
WND,,404
WQW,,404
WFE,,404
WNS,,404
WNO,,404
WZI,,404
WMR,,404
WXT,,404
WBW,,404
WLF,,404
WOF,,404
WLC,,404
WDI,,404
WSK,,404
WWA,,404
WOC,,404
WTF,,404
WPG,,404
WYI,,404
WEW,,404
XCD,,404
XIP,,404
XXL,,404
XPD,,404
XPL,,404
YCN,,404
YSF,,404
YSL,,404
YRK,,404
YFZ,,404
ZEL,,404
ZAM,,404
ZGM,,404
ZAP,,404
ZPS,,404
ZBB,,404
ZBT,,404
ZDX,,404
ZNT,,404
ZEN,,404
ZTL,,404
ZEI,,404
ZTA,,404
ZHE,,404
ZFX,,404
ZKP,,404
ZOD,,404
ZRI,,404
ZYB,,404
CV1,,404
CL8R,,404
TMGR,,404
AHQR,,404
LNYDA,,404
E33N,,404
DDD,,404
TGADA,,404
SCTN,,404
AARR,,404
AQCN,,404
BODN,,404
LNY,,404
PRXN,,404
IXUN,,404
FGLN,,404
NSXN,,404
BPHNE,,404
TSCN,,404
DW8N,,404
DW8OA,,404
TMHN,,404
WBCPE,0P00013W1R,100
LNYOA,,404
PBHO,,404
AREN,,404
SBRO,,404
GWROA,,404
ERWO,,404
MGUO,,404
NTLOB,,404
ADDN,,404
MEMN,,404
YTMTL1,,404
PRXR,,404
UUVOA,,404
MAYNC,,404
AQCR,,404
LRTN,,404
IPBN,,404
VOROB,,404
KINN,,404
PARN,,404
VORDC,,404
VORDB,,404
KGDN,,404
TRYN,,404
PICNB,,404
CPTND,,404
WNBDB,,404
WECDA,,404
WQGNA,,404
TMHR,,404
ENXNB,,404
WGBO,,404
PKON,,404
ICNO,,404
MAYO,,404
TMRN,,404
VOR,,404
YTMSG2,,404
LVHN,,404
IMEN,,404
CCANC,,404
PFTN,,404
GMLDA,,404
WNB,,404
PICOA,,404
GSNOA,,404
DVLN,,404
APCN,,404
ENXOA,,404
WQGOA,,404
ANZN,,404
BCNNC,,404
KPOOE,,404
AUNNB,,404
M8SN,,404
TTBO,,404
PODN,,404
BCNOB,,404
DLCDA,,404
WECN,,404
AIQDA,,404
MDCDA,,404
ANZR,,404
NMRN,,404
CYMN,,404
DYLND,,404
WWIO,,404
PH2DD,,404
PCKN,,404
DLC,,404
GSNNB,,404
WECR,,404
SYANE,,404
TPDDA,,404
BMNDA,,404
MIRNB,,404
BPHOA,,404
ALAOE,,404
E2EDA,,404
HYDO,,404
KRROC,,404
UUVDB,,404
UUVDC,,404
DCXN,,404
1AGN,,404
BWXN,,404
NZSOA,,404
AISDB,,404
CLZDA,,404
CLZDB,,404
SYAOD,,404
ROOO,,404
E2E,,404
VGMF,,404
UUV,,404
TNPDB,,404
SRNNB,,404
BRVNB,,404
BRKNA,,404
CLZOA,,404
PBX,,404
SI6ND,,404
CZNO,,404
AVWO,,404
JATN,,404
BPPN,,404
AGENE,,404
NESOA,,404
HASDA,,404
MMMDA,,404
TNP,,404
BASOC,,404
BASNE,,404
GCRDB,,404
SI6OD,,404
2BEO,,404
PHLN,,404
EVEN,,404
AUZN,,404
BRVO,,404
BRKOB,,404
SRNOC,,404
RMLOA,,404
LKENC,,404
BEXN,,404
SUNPF,,404
AGEOB,,404
WMCNF,,404
GCXNA,,404
GOLDA,,404
NORO,,404
NORN,,404
EDEN,,404
WWGN,,404
OSLN,,404
OKJO,,404
MLSN,,404
YPBDB,,404
LKEOC,,404
ATCNC,,404
BRUN,,404
ZMMDE,,404
RESDA,,404
HRNN,,404
VGI,,404
KKONB,,404
GOLD,0P0000A9RD,100
IPTNA,,404
RLCN,,404
SCLDB,,404
M8SR,,404
AMLN,,404
MCTN,,404
CVVNF,,404
LPDOB,,404
LOMOC,,404
UBIN,,404
MCTNC,,404
SIHN,,404
CHKNF,,404
SELF,,404
CGFPA,,404
ESH,,404
R3DN,,404
WSIDB,,404
CNJN,,404
MLSOB,,404
CYLOA,,404
ESHOA,,404
ATCOB,,404
LPDNI,,404
DDDOA,,404
ISX,,404
YTMQF3,,404
MGTNF,,404
AKNN,,404
AKNOA,,404
PGON,,404
UBINA,,404
WBEN,,404
TNROB,,404
CHKOA,,404
MCTO,,404
KKOR,,404
IPTRA,,404
HRNR,,404
LPDOC,,404
KGLN,,404
GEVOA,,404
NUHDB,,404
CI1DB,,404
ADSN,,404
BASDA,,404
BASDB,,404
CXMN,,404
EN1,,404
MGTRE,,404
RGLN,,404
LAWN,,404
PXXNA,,404
AEVN,,404
BASO,,404
PNLDB,,404
ZLDDG,,404
PEKND,,404
WAMN,,404
HASND,,404
BLGN,,404
CZNN,,404
TD1N,,404
SBMNA,,404
PEKOD,,404
PE1NB,,404
AGYN,,404
SMNNB,,404
HASO,,404
CBAPF,0P0001A06X,100
MVLN,,404
AO1N,,404
SMRN,,404
ANZPE,0P00012OLF,100
MOQN,,404
AMNBA,,404
GMNNB,,404
BLZO,,404
AGYO,,404
LCKOA,,404
DA1,,404
